--- AREA TABLE DATA
INSERT INTO AREA (AREA_ID, AREA_NAME, LATITUDE, LONGITUDE)
VALUES (1, '가나읍', 37.23456, 126.78901),
       (2, '다라읍', 37.34567, 127.89012),
       (3, '마바읍', 37.45678, 128.90123),
       (4, '사아읍', 37.56789, 129.01234),
       (5, '자차읍', 37.67890, 130.12345);


--- HOUSE_INFO TABLE DATA
INSERT INTO HOUSE_INFO (HOUSE_INFO_ID, BUILD_UES, BUILDING_STRUCTURE, LATITUDE, LONGITUDE,
                        ELEVATOR, GRND_FLOOR, HOUSE_HOLD, HOUSE_NAME, MAIN_PURPS_CD_NM, PLAT_PLC, AVG_RATE,
                        BUILDING_RATE, INTERIOR_RATE, LOCATION_RATE, SECURITY_RATE, TRAFFIC_RATE, UGRND_FLOOR,
                        USE_APR_DAY, AREA_ID)
VALUES (1, 'Commercial', 'Concrete', 37.23456, 126.78901, 2, 2, 6,
        'Office Building 1', 'Commercial', '456 Elm Street', 4.2, 4.1, 4.4, 4.3, 4.5, 4.6, 1, '2023-09-29', 1),
       (2, 'Residential', 'Wood', 37.23456, 126.78901, 3, 1, 4, 'My House 3',
        'Residential', '789 Oak Street', 4.6, 4.2, 4.7, 4.5, 4.8, 4.9, 0, '2023-09-30', 1),
       (3, 'Commercial', 'Brick', 37.23456, 126.78901, 1, 3, 8, 'Shopping Mall 1',
        'Commercial', '101 Maple Street', 4.3, 4.0, 4.1, 4.4, 4.6, 4.7, 2, '2023-09-30', 1),
       (4, 'Residential', 'Concrete', 37.23456, 126.78901, 2, 2, 5, 'My House 5',
        'Residential', '202 Pine Street', 4.4, 4.3, 4.5, 4.2, 4.7, 4.8, 0, '2023-10-01', 1),
       (5, 'Commercial', 'Concrete', 37.23456, 126.78901, 3, 1, 7,
        'Business Center 1', 'Commercial', '303 Cedar Street', 4.5, 4.4, 4.6, 4.3, 4.8, 4.9, 1, '2023-10-01', 1),

       (6, 'Commercial', 'Concrete', 37.23456, 126.78901, 2, 2, 6,
        'Office Building 1', 'Commercial', '456 Elm Street', 4.2, 4.1, 4.4, 4.3, 4.5, 4.6, 1, '2023-09-29', 2),
       (7, 'Residential', 'Wood', 37.23456, 126.78901, 3, 1, 4, 'My House 3',
        'Residential', '789 Oak Street', 4.6, 4.2, 4.7, 4.5, 4.8, 4.9, 0, '2023-09-30', 2),
       (8, 'Commercial', 'Brick', 37.23456, 126.78901, 1, 3, 8, 'Shopping Mall 1',
        'Commercial', '101 Maple Street', 4.3, 4.0, 4.1, 4.4, 4.6, 4.7, 2, '2023-09-30', 2),
       (9, 'Residential', 'Concrete', 37.23456, 126.78901, 2, 2, 5, 'My House 5',
        'Residential', '202 Pine Street', 4.4, 4.3, 4.5, 4.2, 4.7, 4.8, 0, '2023-10-01', 2),
       (10, 'Commercial', 'Concrete', 37.23456, 126.78901, 3, 1, 7,
        'Business Center 1', 'Commercial', '303 Cedar Street', 4.5, 4.4, 4.6, 4.3, 4.8, 4.9, 1, '2023-10-01', 2),

       (11, 'Commercial', 'Concrete', 37.23456, 126.78901, 2, 2, 6,
        'Office Building 1', 'Commercial', '456 Elm Street', 4.2, 4.1, 4.4, 4.3, 4.5, 4.6, 1, '2023-09-29', 3),
       (12, 'Residential', 'Wood', 37.23456, 126.78901, 3, 1, 4, 'My House 3',
        'Residential', '789 Oak Street', 4.6, 4.2, 4.7, 4.5, 4.8, 4.9, 0, '2023-09-30', 3),
       (13, 'Commercial', 'Brick', 37.23456, 126.78901, 1, 3, 8,
        'Shopping Mall 1', 'Commercial', '101 Maple Street', 4.3, 4.0, 4.1, 4.4, 4.6, 4.7, 2, '2023-09-30', 3),
       (14, 'Residential', 'Concrete', 37.23456, 126.78901, 2, 2, 5, 'My House 5',
        'Residential', '202 Pine Street', 4.4, 4.3, 4.5, 4.2, 4.7, 4.8, 0, '2023-10-01', 3),
       (15, 'Commercial', 'Concrete', 37.23456, 126.78901, 3, 1, 7,
        'Business Center 1', 'Commercial', '303 Cedar Street', 4.5, 4.4, 4.6, 4.3, 4.8, 4.9, 1, '2023-10-01', 3),

       (16, 'Commercial', 'Concrete', 37.23456, 126.78901, 2, 2, 6,
        'Office Building 1', 'Commercial', '456 Elm Street', 4.2, 4.1, 4.4, 4.3, 4.5, 4.6, 1, '2023-09-29', 4),
       (17, 'Residential', 'Wood', 37.23456, 126.78901, 3, 1, 4, 'My House 3',
        'Residential', '789 Oak Street', 4.6, 4.2, 4.7, 4.5, 4.8, 4.9, 0, '2023-09-30', 4),
       (18, 'Commercial', 'Brick', 37.23456, 126.78901, 1, 3, 8,
        'Shopping Mall 1', 'Commercial', '101 Maple Street', 4.3, 4.0, 4.1, 4.4, 4.6, 4.7, 2, '2023-09-30', 4),
       (19, 'Residential', 'Concrete', 37.23456, 126.78901, 2, 2, 5, 'My House 5',
        'Residential', '202 Pine Street', 4.4, 4.3, 4.5, 4.2, 4.7, 4.8, 0, '2023-10-01', 4),
       (20, 'Commercial', 'Concrete', 37.23456, 126.78901, 3, 1, 7,
        'Business Center 1', 'Commercial', '303 Cedar Street', 4.5, 4.4, 4.6, 4.3, 4.8, 4.9, 1, '2023-10-01', 4),

       (21, 'Commercial', 'Concrete', 37.23456, 126.78901, 2, 2, 6,
        'Office Building 1', 'Commercial', '456 Elm Street', 4.2, 4.1, 4.4, 4.3, 4.5, 4.6, 1, '2023-09-29', 5),
       (22, 'Residential', 'Wood', 37.23456, 126.78901, 3, 1, 4, 'My House 3',
        'Residential', '789 Oak Street', 4.6, 4.2, 4.7, 4.5, 4.8, 4.9, 0, '2023-09-30', 5),
       (23, 'Commercial', 'Brick', 37.23456, 126.78901, 1, 3, 8,
        'Shopping Mall 1', 'Commercial', '101 Maple Street', 4.3, 4.0, 4.1, 4.4, 4.6, 4.7, 2, '2023-09-30', 5),
       (24, 'Residential', 'Concrete', 37.23456, 126.78901, 2, 2, 5, 'My House 5',
        'Residential', '202 Pine Street', 4.4, 4.3, 4.5, 4.2, 4.7, 4.8, 0, '2023-10-01', 5),
       (25, 'Commercial', 'Concrete', 37.23456, 126.78901, 3, 1, 7,
        'Business Center 1', 'Commercial', '303 Cedar Street', 4.5, 4.4, 4.6, 4.3, 4.8, 4.9, 1, '2023-10-01', 5);


--- USER TABLE DATA
INSERT INTO USERS (USER_ID, EMAIL, NICKNAME, PROFILE_IMAGE_URL, AREA_ID)
VALUES (1, 'user1@example.com', '사용자1 닉네임', 'https://example.com/profile1.jpg', 1),
       (2, 'user2@example.com', '사용자2 닉네임', 'https://example.com/profile2.jpg', 1),
       (3, 'user3@example.com', '사용자3 닉네임', 'https://example.com/profile3.jpg', 1),
       (4, 'user4@example.com', '사용자4 닉네임', 'https://example.com/profile4.jpg', 1),
       (5, 'user5@example.com', '사용자5 닉네임', 'https://example.com/profile5.jpg', 1),
       (6, 'user6@example.com', '사용자6 닉네임', 'https://example.com/profile6.jpg', 1),
       (7, 'user7@example.com', '사용자7 닉네임', 'https://example.com/profile7.jpg', 1),
       (8, 'user8@example.com', '사용자8 닉네임', 'https://example.com/profile8.jpg', 1),
       (9, 'user9@example.com', '사용자9 닉네임', 'https://example.com/profile9.jpg', 1),
       (10, 'user10@example.com', '사용자10 닉네임', 'https://example.com/profile10.jpg', 1),
       (11, 'user11@example.com', '사용자11 닉네임', 'https://example.com/profile11.jpg', 1),
       (12, 'user12@example.com', '사용자12 닉네임', 'https://example.com/profile12.jpg', 1),
       (13, 'user13@example.com', '사용자13 닉네임', 'https://example.com/profile13.jpg', 1),
       (14, 'user14@example.com', '사용자14 닉네임', 'https://example.com/profile14.jpg', 1),
       (15, 'user15@example.com', '사용자15 닉네임', 'https://example.com/profile15.jpg', 1),
       (16, 'user16@example.com', '사용자16 닉네임', 'https://example.com/profile16.jpg', 1),
       (17, 'user17@example.com', '사용자17 닉네임', 'https://example.com/profile17.jpg', 1),
       (18, 'user18@example.com', '사용자18 닉네임', 'https://example.com/profile18.jpg', 1),
       (19, 'user19@example.com', '사용자19 닉네임', 'https://example.com/profile19.jpg', 1),
       (20, 'user20@example.com', '사용자20 닉네임', 'https://example.com/profile20.jpg', 1),
       (21, 'user21@example.com', '사용자21 닉네임', 'https://example.com/profile21.jpg', 1),
       (22, 'user22@example.com', '사용자22 닉네임', 'https://example.com/profile22.jpg', 1),
       (23, 'user23@example.com', '사용자23 닉네임', 'https://example.com/profile23.jpg', 1),
       (24, 'user24@example.com', '사용자24 닉네임', 'https://example.com/profile24.jpg', 1),
       (25, 'user25@example.com', '사용자25 닉네임', 'https://example.com/profile25.jpg', 1),
       (26, 'user26@example.com', '사용자26 닉네임', 'https://example.com/profile26.jpg', 1),
       (27, 'user27@example.com', '사용자27 닉네임', 'https://example.com/profile27.jpg', 1),
       (28, 'user28@example.com', '사용자28 닉네임', 'https://example.com/profile28.jpg', 1),
       (29, 'user29@example.com', '사용자29 닉네임', 'https://example.com/profile29.jpg', 1),
       (30, 'user30@example.com', '사용자30 닉네임', 'https://example.com/profile30.jpg', 1),
       (31, 'user31@example.com', '사용자31 닉네임', 'https://example.com/profile31.jpg', 1),
       (32, 'user32@example.com', '사용자32 닉네임', 'https://example.com/profile32.jpg', 1),
       (33, 'user33@example.com', '사용자33 닉네임', 'https://example.com/profile33.jpg', 1),
       (34, 'user34@example.com', '사용자34 닉네임', 'https://example.com/profile34.jpg', 1),
       (35, 'user35@example.com', '사용자35 닉네임', 'https://example.com/profile35.jpg', 1),
       (36, 'user36@example.com', '사용자36 닉네임', 'https://example.com/profile36.jpg', 1),
       (37, 'user37@example.com', '사용자37 닉네임', 'https://example.com/profile37.jpg', 1),
       (38, 'user38@example.com', '사용자38 닉네임', 'https://example.com/profile38.jpg', 1),
       (39, 'user39@example.com', '사용자39 닉네임', 'https://example.com/profile39.jpg', 1),
       (40, 'user40@example.com', '사용자40 닉네임', 'https://example.com/profile40.jpg', 1),
       (41, 'user41@example.com', '사용자41 닉네임', 'https://example.com/profile41.jpg', 1),
       (42, 'user42@example.com', '사용자42 닉네임', 'https://example.com/profile42.jpg', 1),
       (43, 'user43@example.com', '사용자43 닉네임', 'https://example.com/profile43.jpg', 1),
       (44, 'user44@example.com', '사용자44 닉네임', 'https://example.com/profile44.jpg', 1),
       (45, 'user45@example.com', '사용자45 닉네임', 'https://example.com/profile45.jpg', 1),
       (46, 'user46@example.com', '사용자46 닉네임', 'https://example.com/profile46.jpg', 1),
       (47, 'user47@example.com', '사용자47 닉네임', 'https://example.com/profile47.jpg', 1),
       (48, 'user48@example.com', '사용자48 닉네임', 'https://example.com/profile48.jpg', 1),
       (49, 'user49@example.com', '사용자49 닉네임', 'https://example.com/profile49.jpg', 1),
       (50, 'user50@example.com', '사용자50 닉네임', 'https://example.com/profile50.jpg', 1),
       (51, 'user51@example.com', '사용자51 닉네임', 'https://example.com/profile51.jpg', 1),
       (52, 'user52@example.com', '사용자52 닉네임', 'https://example.com/profile52.jpg', 1),
       (53, 'user53@example.com', '사용자53 닉네임', 'https://example.com/profile53.jpg', 1),
       (54, 'user54@example.com', '사용자54 닉네임', 'https://example.com/profile54.jpg', 1),
       (55, 'user55@example.com', '사용자55 닉네임', 'https://example.com/profile55.jpg', 1),
       (56, 'user56@example.com', '사용자56 닉네임', 'https://example.com/profile56.jpg', 1),
       (57, 'user57@example.com', '사용자57 닉네임', 'https://example.com/profile57.jpg', 1),
       (58, 'user58@example.com', '사용자58 닉네임', 'https://example.com/profile58.jpg', 1),
       (59, 'user59@example.com', '사용자59 닉네임', 'https://example.com/profile59.jpg', 1),
       (60, 'user60@example.com', '사용자60 닉네임', 'https://example.com/profile60.jpg', 1),
       (61, 'user61@example.com', '사용자61 닉네임', 'https://example.com/profile61.jpg', 1),
       (62, 'user62@example.com', '사용자62 닉네임', 'https://example.com/profile62.jpg', 1),
       (63, 'user63@example.com', '사용자63 닉네임', 'https://example.com/profile63.jpg', 1),
       (64, 'user64@example.com', '사용자64 닉네임', 'https://example.com/profile64.jpg', 1),
       (65, 'user65@example.com', '사용자65 닉네임', 'https://example.com/profile65.jpg', 1),
       (66, 'user66@example.com', '사용자66 닉네임', 'https://example.com/profile66.jpg', 1),
       (67, 'user67@example.com', '사용자67 닉네임', 'https://example.com/profile67.jpg', 1),
       (68, 'user68@example.com', '사용자68 닉네임', 'https://example.com/profile68.jpg', 1),
       (69, 'user69@example.com', '사용자69 닉네임', 'https://example.com/profile69.jpg', 1),
       (70, 'user70@example.com', '사용자70 닉네임', 'https://example.com/profile70.jpg', 1),
       (71, 'user71@example.com', '사용자71 닉네임', 'https://example.com/profile71.jpg', 1),
       (72, 'user72@example.com', '사용자72 닉네임', 'https://example.com/profile72.jpg', 1),
       (73, 'user73@example.com', '사용자73 닉네임', 'https://example.com/profile73.jpg', 1),
       (74, 'user74@example.com', '사용자74 닉네임', 'https://example.com/profile74.jpg', 1),
       (75, 'user75@example.com', '사용자75 닉네임', 'https://example.com/profile75.jpg', 1),
       (76, 'user76@example.com', '사용자76 닉네임', 'https://example.com/profile76.jpg', 1),
       (77, 'user77@example.com', '사용자77 닉네임', 'https://example.com/profile77.jpg', 1),
       (78, 'user78@example.com', '사용자78 닉네임', 'https://example.com/profile78.jpg', 1),
       (79, 'user79@example.com', '사용자79 닉네임', 'https://example.com/profile79.jpg', 1),
       (80, 'user80@example.com', '사용자80 닉네임', 'https://example.com/profile80.jpg', 1),
       (81, 'user81@example.com', '사용자81 닉네임', 'https://example.com/profile81.jpg', 1),
       (82, 'user82@example.com', '사용자82 닉네임', 'https://example.com/profile82.jpg', 1),
       (83, 'user83@example.com', '사용자83 닉네임', 'https://example.com/profile83.jpg', 1),
       (84, 'user84@example.com', '사용자84 닉네임', 'https://example.com/profile84.jpg', 1),
       (85, 'user85@example.com', '사용자85 닉네임', 'https://example.com/profile85.jpg', 1),
       (86, 'user86@example.com', '사용자86 닉네임', 'https://example.com/profile86.jpg', 1),
       (87, 'user87@example.com', '사용자87 닉네임', 'https://example.com/profile87.jpg', 1),
       (88, 'user88@example.com', '사용자88 닉네임', 'https://example.com/profile88.jpg', 1),
       (89, 'user89@example.com', '사용자89 닉네임', 'https://example.com/profile89.jpg', 1),
       (90, 'user90@example.com', '사용자90 닉네임', 'https://example.com/profile90.jpg', 1),
       (91, 'user91@example.com', '사용자91 닉네임', 'https://example.com/profile91.jpg', 1),
       (92, 'user92@example.com', '사용자92 닉네임', 'https://example.com/profile92.jpg', 1),
       (93, 'user93@example.com', '사용자93 닉네임', 'https://example.com/profile93.jpg', 1),
       (94, 'user94@example.com', '사용자94 닉네임', 'https://example.com/profile94.jpg', 1),
       (95, 'user95@example.com', '사용자95 닉네임', 'https://example.com/profile95.jpg', 1),
       (96, 'user96@example.com', '사용자96 닉네임', 'https://example.com/profile96.jpg', 1),
       (97, 'user97@example.com', '사용자97 닉네임', 'https://example.com/profile97.jpg', 1),
       (98, 'user98@example.com', '사용자98 닉네임', 'https://example.com/profile98.jpg', 1),
       (99, 'user99@example.com', '사용자99 닉네임', 'https://example.com/profile99.jpg', 1),
       (100, 'user100@example.com', '사용자100 닉네임', 'https://example.com/profile100.jpg', 1),
       (101, 'user101@example.com', '사용자101 닉네임', 'https://example.com/profile101.jpg', 1),
       (102, 'user102@example.com', '사용자102 닉네임', 'https://example.com/profile102.jpg', 1),
       (103, 'user103@example.com', '사용자103 닉네임', 'https://example.com/profile103.jpg', 1),
       (104, 'user104@example.com', '사용자104 닉네임', 'https://example.com/profile104.jpg', 1),
       (105, 'user105@example.com', '사용자105 닉네임', 'https://example.com/profile105.jpg', 1),
       (106, 'user106@example.com', '사용자106 닉네임', 'https://example.com/profile106.jpg', 1),
       (107, 'user107@example.com', '사용자107 닉네임', 'https://example.com/profile107.jpg', 1),
       (108, 'user108@example.com', '사용자108 닉네임', 'https://example.com/profile108.jpg', 1),
       (109, 'user109@example.com', '사용자109 닉네임', 'https://example.com/profile109.jpg', 1),
       (110, 'user110@example.com', '사용자110 닉네임', 'https://example.com/profile110.jpg', 1),
       (111, 'user111@example.com', '사용자111 닉네임', 'https://example.com/profile111.jpg', 1),
       (112, 'user112@example.com', '사용자112 닉네임', 'https://example.com/profile112.jpg', 1),
       (113, 'user113@example.com', '사용자113 닉네임', 'https://example.com/profile113.jpg', 1),
       (114, 'user114@example.com', '사용자114 닉네임', 'https://example.com/profile114.jpg', 1),
       (115, 'user115@example.com', '사용자115 닉네임', 'https://example.com/profile115.jpg', 1),
       (116, 'user116@example.com', '사용자116 닉네임', 'https://example.com/profile116.jpg', 1),
       (117, 'user117@example.com', '사용자117 닉네임', 'https://example.com/profile117.jpg', 1),
       (118, 'user118@example.com', '사용자118 닉네임', 'https://example.com/profile118.jpg', 1),
       (119, 'user119@example.com', '사용자119 닉네임', 'https://example.com/profile119.jpg', 1),
       (120, 'user120@example.com', '사용자120 닉네임', 'https://example.com/profile120.jpg', 1),
       (121, 'user121@example.com', '사용자121 닉네임', 'https://example.com/profile121.jpg', 1),
       (122, 'user122@example.com', '사용자122 닉네임', 'https://example.com/profile122.jpg', 1),
       (123, 'user123@example.com', '사용자123 닉네임', 'https://example.com/profile123.jpg', 1),
       (124, 'user124@example.com', '사용자124 닉네임', 'https://example.com/profile124.jpg', 1),
       (125, 'user125@example.com', '사용자125 닉네임', 'https://example.com/profile125.jpg', 1),
       (126, 'user126@example.com', '사용자126 닉네임', 'https://example.com/profile126.jpg', 1),
       (127, 'user127@example.com', '사용자127 닉네임', 'https://example.com/profile127.jpg', 1),
       (128, 'user128@example.com', '사용자128 닉네임', 'https://example.com/profile128.jpg', 1),
       (129, 'user129@example.com', '사용자129 닉네임', 'https://example.com/profile129.jpg', 1),
       (130, 'user130@example.com', '사용자130 닉네임', 'https://example.com/profile130.jpg', 1),
       (131, 'user131@example.com', '사용자131 닉네임', 'https://example.com/profile131.jpg', 1),
       (132, 'user132@example.com', '사용자132 닉네임', 'https://example.com/profile132.jpg', 1),
       (133, 'user133@example.com', '사용자133 닉네임', 'https://example.com/profile133.jpg', 1),
       (134, 'user134@example.com', '사용자134 닉네임', 'https://example.com/profile134.jpg', 1),
       (135, 'user135@example.com', '사용자135 닉네임', 'https://example.com/profile135.jpg', 1),
       (136, 'user136@example.com', '사용자136 닉네임', 'https://example.com/profile136.jpg', 1),
       (137, 'user137@example.com', '사용자137 닉네임', 'https://example.com/profile137.jpg', 1),
       (138, 'user138@example.com', '사용자138 닉네임', 'https://example.com/profile138.jpg', 1),
       (139, 'user139@example.com', '사용자139 닉네임', 'https://example.com/profile139.jpg', 1),
       (140, 'user140@example.com', '사용자140 닉네임', 'https://example.com/profile140.jpg', 1),
       (141, 'user141@example.com', '사용자141 닉네임', 'https://example.com/profile141.jpg', 1),
       (142, 'user142@example.com', '사용자142 닉네임', 'https://example.com/profile142.jpg', 1),
       (143, 'user143@example.com', '사용자143 닉네임', 'https://example.com/profile143.jpg', 1),
       (144, 'user144@example.com', '사용자144 닉네임', 'https://example.com/profile144.jpg', 1),
       (145, 'user145@example.com', '사용자145 닉네임', 'https://example.com/profile145.jpg', 1),
       (146, 'user146@example.com', '사용자146 닉네임', 'https://example.com/profile146.jpg', 1),
       (147, 'user147@example.com', '사용자147 닉네임', 'https://example.com/profile147.jpg', 1),
       (148, 'user148@example.com', '사용자148 닉네임', 'https://example.com/profile148.jpg', 1),
       (149, 'user149@example.com', '사용자149 닉네임', 'https://example.com/profile149.jpg', 1),
       (150, 'user150@example.com', '사용자150 닉네임', 'https://example.com/profile150.jpg', 1),
       (151, 'user151@example.com', '사용자151 닉네임', 'https://example.com/profile151.jpg', 1),
       (152, 'user152@example.com', '사용자152 닉네임', 'https://example.com/profile152.jpg', 1),
       (153, 'user153@example.com', '사용자153 닉네임', 'https://example.com/profile153.jpg', 1),
       (154, 'user154@example.com', '사용자154 닉네임', 'https://example.com/profile154.jpg', 1),
       (155, 'user155@example.com', '사용자155 닉네임', 'https://example.com/profile155.jpg', 1),
       (156, 'user156@example.com', '사용자156 닉네임', 'https://example.com/profile156.jpg', 1),
       (157, 'user157@example.com', '사용자157 닉네임', 'https://example.com/profile157.jpg', 1),
       (158, 'user158@example.com', '사용자158 닉네임', 'https://example.com/profile158.jpg', 1),
       (159, 'user159@example.com', '사용자159 닉네임', 'https://example.com/profile159.jpg', 1),
       (160, 'user160@example.com', '사용자160 닉네임', 'https://example.com/profile160.jpg', 1),
       (161, 'user161@example.com', '사용자161 닉네임', 'https://example.com/profile161.jpg', 1),
       (162, 'user162@example.com', '사용자162 닉네임', 'https://example.com/profile162.jpg', 1),
       (163, 'user163@example.com', '사용자163 닉네임', 'https://example.com/profile163.jpg', 1),
       (164, 'user164@example.com', '사용자164 닉네임', 'https://example.com/profile164.jpg', 1),
       (165, 'user165@example.com', '사용자165 닉네임', 'https://example.com/profile165.jpg', 1),
       (166, 'user166@example.com', '사용자166 닉네임', 'https://example.com/profile166.jpg', 1),
       (167, 'user167@example.com', '사용자167 닉네임', 'https://example.com/profile167.jpg', 1),
       (168, 'user168@example.com', '사용자168 닉네임', 'https://example.com/profile168.jpg', 1),
       (169, 'user169@example.com', '사용자169 닉네임', 'https://example.com/profile169.jpg', 1),
       (170, 'user170@example.com', '사용자170 닉네임', 'https://example.com/profile170.jpg', 1),
       (171, 'user171@example.com', '사용자171 닉네임', 'https://example.com/profile171.jpg', 1),
       (172, 'user172@example.com', '사용자172 닉네임', 'https://example.com/profile172.jpg', 1),
       (173, 'user173@example.com', '사용자173 닉네임', 'https://example.com/profile173.jpg', 1),
       (174, 'user174@example.com', '사용자174 닉네임', 'https://example.com/profile174.jpg', 1),
       (175, 'user175@example.com', '사용자175 닉네임', 'https://example.com/profile175.jpg', 1),
       (176, 'user176@example.com', '사용자176 닉네임', 'https://example.com/profile176.jpg', 1),
       (177, 'user177@example.com', '사용자177 닉네임', 'https://example.com/profile177.jpg', 1),
       (178, 'user178@example.com', '사용자178 닉네임', 'https://example.com/profile178.jpg', 1),
       (179, 'user179@example.com', '사용자179 닉네임', 'https://example.com/profile179.jpg', 1),
       (180, 'user180@example.com', '사용자180 닉네임', 'https://example.com/profile180.jpg', 1),
       (181, 'user181@example.com', '사용자181 닉네임', 'https://example.com/profile181.jpg', 1),
       (182, 'user182@example.com', '사용자182 닉네임', 'https://example.com/profile182.jpg', 1),
       (183, 'user183@example.com', '사용자183 닉네임', 'https://example.com/profile183.jpg', 1),
       (184, 'user184@example.com', '사용자184 닉네임', 'https://example.com/profile184.jpg', 1),
       (185, 'user185@example.com', '사용자185 닉네임', 'https://example.com/profile185.jpg', 1),
       (186, 'user186@example.com', '사용자186 닉네임', 'https://example.com/profile186.jpg', 1),
       (187, 'user187@example.com', '사용자187 닉네임', 'https://example.com/profile187.jpg', 1),
       (188, 'user188@example.com', '사용자188 닉네임', 'https://example.com/profile188.jpg', 1),
       (189, 'user189@example.com', '사용자189 닉네임', 'https://example.com/profile189.jpg', 1),
       (190, 'user190@example.com', '사용자190 닉네임', 'https://example.com/profile190.jpg', 1),
       (191, 'user191@example.com', '사용자191 닉네임', 'https://example.com/profile191.jpg', 1),
       (192, 'user192@example.com', '사용자192 닉네임', 'https://example.com/profile192.jpg', 1),
       (193, 'user193@example.com', '사용자193 닉네임', 'https://example.com/profile193.jpg', 1),
       (194, 'user194@example.com', '사용자194 닉네임', 'https://example.com/profile194.jpg', 1),
       (195, 'user195@example.com', '사용자195 닉네임', 'https://example.com/profile195.jpg', 1),
       (196, 'user196@example.com', '사용자196 닉네임', 'https://example.com/profile196.jpg', 1),
       (197, 'user197@example.com', '사용자197 닉네임', 'https://example.com/profile197.jpg', 1),
       (198, 'user198@example.com', '사용자198 닉네임', 'https://example.com/profile198.jpg', 1),
       (199, 'user199@example.com', '사용자199 닉네임', 'https://example.com/profile199.jpg', 1),
       (200, 'user200@example.com', '사용자200 닉네임', 'https://example.com/profile200.jpg', 1),
       (201, 'user201@example.com', '사용자201 닉네임', 'https://example.com/profile201.jpg', 1),
       (202, 'user202@example.com', '사용자202 닉네임', 'https://example.com/profile202.jpg', 1),
       (203, 'user203@example.com', '사용자203 닉네임', 'https://example.com/profile203.jpg', 1),
       (204, 'user204@example.com', '사용자204 닉네임', 'https://example.com/profile204.jpg', 1),
       (205, 'user205@example.com', '사용자205 닉네임', 'https://example.com/profile205.jpg', 1),
       (206, 'user206@example.com', '사용자206 닉네임', 'https://example.com/profile206.jpg', 1),
       (207, 'user207@example.com', '사용자207 닉네임', 'https://example.com/profile207.jpg', 1),
       (208, 'user208@example.com', '사용자208 닉네임', 'https://example.com/profile208.jpg', 1),
       (209, 'user209@example.com', '사용자209 닉네임', 'https://example.com/profile209.jpg', 1),
       (210, 'user210@example.com', '사용자210 닉네임', 'https://example.com/profile210.jpg', 1),
       (211, 'user211@example.com', '사용자211 닉네임', 'https://example.com/profile211.jpg', 1),
       (212, 'user212@example.com', '사용자212 닉네임', 'https://example.com/profile212.jpg', 1),
       (213, 'user213@example.com', '사용자213 닉네임', 'https://example.com/profile213.jpg', 1),
       (214, 'user214@example.com', '사용자214 닉네임', 'https://example.com/profile214.jpg', 1),
       (215, 'user215@example.com', '사용자215 닉네임', 'https://example.com/profile215.jpg', 1),
       (216, 'user216@example.com', '사용자216 닉네임', 'https://example.com/profile216.jpg', 1),
       (217, 'user217@example.com', '사용자217 닉네임', 'https://example.com/profile217.jpg', 1),
       (218, 'user218@example.com', '사용자218 닉네임', 'https://example.com/profile218.jpg', 1),
       (219, 'user219@example.com', '사용자219 닉네임', 'https://example.com/profile219.jpg', 1),
       (220, 'user220@example.com', '사용자220 닉네임', 'https://example.com/profile220.jpg', 1),
       (221, 'user221@example.com', '사용자221 닉네임', 'https://example.com/profile221.jpg', 1),
       (222, 'user222@example.com', '사용자222 닉네임', 'https://example.com/profile222.jpg', 1),
       (223, 'user223@example.com', '사용자223 닉네임', 'https://example.com/profile223.jpg', 1),
       (224, 'user224@example.com', '사용자224 닉네임', 'https://example.com/profile224.jpg', 1),
       (225, 'user225@example.com', '사용자225 닉네임', 'https://example.com/profile225.jpg', 1),
       (226, 'user226@example.com', '사용자226 닉네임', 'https://example.com/profile226.jpg', 1),
       (227, 'user227@example.com', '사용자227 닉네임', 'https://example.com/profile227.jpg', 1),
       (228, 'user228@example.com', '사용자228 닉네임', 'https://example.com/profile228.jpg', 1),
       (229, 'user229@example.com', '사용자229 닉네임', 'https://example.com/profile229.jpg', 1),
       (230, 'user230@example.com', '사용자230 닉네임', 'https://example.com/profile230.jpg', 1),
       (231, 'user231@example.com', '사용자231 닉네임', 'https://example.com/profile231.jpg', 1),
       (232, 'user232@example.com', '사용자232 닉네임', 'https://example.com/profile232.jpg', 1),
       (233, 'user233@example.com', '사용자233 닉네임', 'https://example.com/profile233.jpg', 1),
       (234, 'user234@example.com', '사용자234 닉네임', 'https://example.com/profile234.jpg', 1),
       (235, 'user235@example.com', '사용자235 닉네임', 'https://example.com/profile235.jpg', 1),
       (236, 'user236@example.com', '사용자236 닉네임', 'https://example.com/profile236.jpg', 1),
       (237, 'user237@example.com', '사용자237 닉네임', 'https://example.com/profile237.jpg', 1),
       (238, 'user238@example.com', '사용자238 닉네임', 'https://example.com/profile238.jpg', 1),
       (239, 'user239@example.com', '사용자239 닉네임', 'https://example.com/profile239.jpg', 1),
       (240, 'user240@example.com', '사용자240 닉네임', 'https://example.com/profile240.jpg', 1),
       (241, 'user241@example.com', '사용자241 닉네임', 'https://example.com/profile241.jpg', 1),
       (242, 'user242@example.com', '사용자242 닉네임', 'https://example.com/profile242.jpg', 1),
       (243, 'user243@example.com', '사용자243 닉네임', 'https://example.com/profile243.jpg', 1),
       (244, 'user244@example.com', '사용자244 닉네임', 'https://example.com/profile244.jpg', 1),
       (245, 'user245@example.com', '사용자245 닉네임', 'https://example.com/profile245.jpg', 1),
       (246, 'user246@example.com', '사용자246 닉네임', 'https://example.com/profile246.jpg', 1),
       (247, 'user247@example.com', '사용자247 닉네임', 'https://example.com/profile247.jpg', 1),
       (248, 'user248@example.com', '사용자248 닉네임', 'https://example.com/profile248.jpg', 1),
       (249, 'user249@example.com', '사용자249 닉네임', 'https://example.com/profile249.jpg', 1),
       (250, 'user250@example.com', '사용자250 닉네임', 'https://example.com/profile250.jpg', 1),
       (251, 'user251@example.com', '사용자251 닉네임', 'https://example.com/profile251.jpg', 1),
       (252, 'user252@example.com', '사용자252 닉네임', 'https://example.com/profile252.jpg', 1),
       (253, 'user253@example.com', '사용자253 닉네임', 'https://example.com/profile253.jpg', 1),
       (254, 'user254@example.com', '사용자254 닉네임', 'https://example.com/profile254.jpg', 1),
       (255, 'user255@example.com', '사용자255 닉네임', 'https://example.com/profile255.jpg', 1),
       (256, 'user256@example.com', '사용자256 닉네임', 'https://example.com/profile256.jpg', 1),
       (257, 'user257@example.com', '사용자257 닉네임', 'https://example.com/profile257.jpg', 1),
       (258, 'user258@example.com', '사용자258 닉네임', 'https://example.com/profile258.jpg', 1),
       (259, 'user259@example.com', '사용자259 닉네임', 'https://example.com/profile259.jpg', 1),
       (260, 'user260@example.com', '사용자260 닉네임', 'https://example.com/profile260.jpg', 1),
       (261, 'user261@example.com', '사용자261 닉네임', 'https://example.com/profile261.jpg', 1),
       (262, 'user262@example.com', '사용자262 닉네임', 'https://example.com/profile262.jpg', 1),
       (263, 'user263@example.com', '사용자263 닉네임', 'https://example.com/profile263.jpg', 1),
       (264, 'user264@example.com', '사용자264 닉네임', 'https://example.com/profile264.jpg', 1),
       (265, 'user265@example.com', '사용자265 닉네임', 'https://example.com/profile265.jpg', 1),
       (266, 'user266@example.com', '사용자266 닉네임', 'https://example.com/profile266.jpg', 1),
       (267, 'user267@example.com', '사용자267 닉네임', 'https://example.com/profile267.jpg', 1),
       (268, 'user268@example.com', '사용자268 닉네임', 'https://example.com/profile268.jpg', 1),
       (269, 'user269@example.com', '사용자269 닉네임', 'https://example.com/profile269.jpg', 1),
       (270, 'user270@example.com', '사용자270 닉네임', 'https://example.com/profile270.jpg', 1),
       (271, 'user271@example.com', '사용자271 닉네임', 'https://example.com/profile271.jpg', 1),
       (272, 'user272@example.com', '사용자272 닉네임', 'https://example.com/profile272.jpg', 1),
       (273, 'user273@example.com', '사용자273 닉네임', 'https://example.com/profile273.jpg', 1),
       (274, 'user274@example.com', '사용자274 닉네임', 'https://example.com/profile274.jpg', 1),
       (275, 'user275@example.com', '사용자275 닉네임', 'https://example.com/profile275.jpg', 1),
       (276, 'user276@example.com', '사용자276 닉네임', 'https://example.com/profile276.jpg', 1),
       (277, 'user277@example.com', '사용자277 닉네임', 'https://example.com/profile277.jpg', 1),
       (278, 'user278@example.com', '사용자278 닉네임', 'https://example.com/profile278.jpg', 1),
       (279, 'user279@example.com', '사용자279 닉네임', 'https://example.com/profile279.jpg', 1),
       (280, 'user280@example.com', '사용자280 닉네임', 'https://example.com/profile280.jpg', 1),
       (281, 'user281@example.com', '사용자281 닉네임', 'https://example.com/profile281.jpg', 1),
       (282, 'user282@example.com', '사용자282 닉네임', 'https://example.com/profile282.jpg', 1),
       (283, 'user283@example.com', '사용자283 닉네임', 'https://example.com/profile283.jpg', 1),
       (284, 'user284@example.com', '사용자284 닉네임', 'https://example.com/profile284.jpg', 1),
       (285, 'user285@example.com', '사용자285 닉네임', 'https://example.com/profile285.jpg', 1),
       (286, 'user286@example.com', '사용자286 닉네임', 'https://example.com/profile286.jpg', 1),
       (287, 'user287@example.com', '사용자287 닉네임', 'https://example.com/profile287.jpg', 1),
       (288, 'user288@example.com', '사용자288 닉네임', 'https://example.com/profile288.jpg', 1),
       (289, 'user289@example.com', '사용자289 닉네임', 'https://example.com/profile289.jpg', 1),
       (290, 'user290@example.com', '사용자290 닉네임', 'https://example.com/profile290.jpg', 1),
       (291, 'user291@example.com', '사용자291 닉네임', 'https://example.com/profile291.jpg', 1),
       (292, 'user292@example.com', '사용자292 닉네임', 'https://example.com/profile292.jpg', 1),
       (293, 'user293@example.com', '사용자293 닉네임', 'https://example.com/profile293.jpg', 1),
       (294, 'user294@example.com', '사용자294 닉네임', 'https://example.com/profile294.jpg', 1),
       (295, 'user295@example.com', '사용자295 닉네임', 'https://example.com/profile295.jpg', 1),
       (296, 'user296@example.com', '사용자296 닉네임', 'https://example.com/profile296.jpg', 1),
       (297, 'user297@example.com', '사용자297 닉네임', 'https://example.com/profile297.jpg', 1),
       (298, 'user298@example.com', '사용자298 닉네임', 'https://example.com/profile298.jpg', 1),
       (299, 'user299@example.com', '사용자299 닉네임', 'https://example.com/profile299.jpg', 1),
       (300, 'user300@example.com', '사용자300 닉네임', 'https://example.com/profile300.jpg', 1),
       (301, 'user301@example.com', '사용자301 닉네임', 'https://example.com/profile301.jpg', 1),
       (302, 'user302@example.com', '사용자302 닉네임', 'https://example.com/profile302.jpg', 1),
       (303, 'user303@example.com', '사용자303 닉네임', 'https://example.com/profile303.jpg', 1),
       (304, 'user304@example.com', '사용자304 닉네임', 'https://example.com/profile304.jpg', 1),
       (305, 'user305@example.com', '사용자305 닉네임', 'https://example.com/profile305.jpg', 1),
       (306, 'user306@example.com', '사용자306 닉네임', 'https://example.com/profile306.jpg', 1),
       (307, 'user307@example.com', '사용자307 닉네임', 'https://example.com/profile307.jpg', 1),
       (308, 'user308@example.com', '사용자308 닉네임', 'https://example.com/profile308.jpg', 1),
       (309, 'user309@example.com', '사용자309 닉네임', 'https://example.com/profile309.jpg', 1),
       (310, 'user310@example.com', '사용자310 닉네임', 'https://example.com/profile310.jpg', 1),
       (311, 'user311@example.com', '사용자311 닉네임', 'https://example.com/profile311.jpg', 1),
       (312, 'user312@example.com', '사용자312 닉네임', 'https://example.com/profile312.jpg', 1),
       (313, 'user313@example.com', '사용자313 닉네임', 'https://example.com/profile313.jpg', 1),
       (314, 'user314@example.com', '사용자314 닉네임', 'https://example.com/profile314.jpg', 1),
       (315, 'user315@example.com', '사용자315 닉네임', 'https://example.com/profile315.jpg', 1),
       (316, 'user316@example.com', '사용자316 닉네임', 'https://example.com/profile316.jpg', 1),
       (317, 'user317@example.com', '사용자317 닉네임', 'https://example.com/profile317.jpg', 1),
       (318, 'user318@example.com', '사용자318 닉네임', 'https://example.com/profile318.jpg', 1),
       (319, 'user319@example.com', '사용자319 닉네임', 'https://example.com/profile319.jpg', 1),
       (320, 'user320@example.com', '사용자320 닉네임', 'https://example.com/profile320.jpg', 1),
       (321, 'user321@example.com', '사용자321 닉네임', 'https://example.com/profile321.jpg', 1),
       (322, 'user322@example.com', '사용자322 닉네임', 'https://example.com/profile322.jpg', 1),
       (323, 'user323@example.com', '사용자323 닉네임', 'https://example.com/profile323.jpg', 1),
       (324, 'user324@example.com', '사용자324 닉네임', 'https://example.com/profile324.jpg', 1),
       (325, 'user325@example.com', '사용자325 닉네임', 'https://example.com/profile325.jpg', 1),
       (326, 'user326@example.com', '사용자326 닉네임', 'https://example.com/profile326.jpg', 1),
       (327, 'user327@example.com', '사용자327 닉네임', 'https://example.com/profile327.jpg', 1),
       (328, 'user328@example.com', '사용자328 닉네임', 'https://example.com/profile328.jpg', 1),
       (329, 'user329@example.com', '사용자329 닉네임', 'https://example.com/profile329.jpg', 1),
       (330, 'user330@example.com', '사용자330 닉네임', 'https://example.com/profile330.jpg', 1),
       (331, 'user331@example.com', '사용자331 닉네임', 'https://example.com/profile331.jpg', 1),
       (332, 'user332@example.com', '사용자332 닉네임', 'https://example.com/profile332.jpg', 1),
       (333, 'user333@example.com', '사용자333 닉네임', 'https://example.com/profile333.jpg', 1),
       (334, 'user334@example.com', '사용자334 닉네임', 'https://example.com/profile334.jpg', 1),
       (335, 'user335@example.com', '사용자335 닉네임', 'https://example.com/profile335.jpg', 1),
       (336, 'user336@example.com', '사용자336 닉네임', 'https://example.com/profile336.jpg', 1),
       (337, 'user337@example.com', '사용자337 닉네임', 'https://example.com/profile337.jpg', 1),
       (338, 'user338@example.com', '사용자338 닉네임', 'https://example.com/profile338.jpg', 1),
       (339, 'user339@example.com', '사용자339 닉네임', 'https://example.com/profile339.jpg', 1),
       (340, 'user340@example.com', '사용자340 닉네임', 'https://example.com/profile340.jpg', 1),
       (341, 'user341@example.com', '사용자341 닉네임', 'https://example.com/profile341.jpg', 1),
       (342, 'user342@example.com', '사용자342 닉네임', 'https://example.com/profile342.jpg', 1),
       (343, 'user343@example.com', '사용자343 닉네임', 'https://example.com/profile343.jpg', 1),
       (344, 'user344@example.com', '사용자344 닉네임', 'https://example.com/profile344.jpg', 1),
       (345, 'user345@example.com', '사용자345 닉네임', 'https://example.com/profile345.jpg', 1),
       (346, 'user346@example.com', '사용자346 닉네임', 'https://example.com/profile346.jpg', 1),
       (347, 'user347@example.com', '사용자347 닉네임', 'https://example.com/profile347.jpg', 1),
       (348, 'user348@example.com', '사용자348 닉네임', 'https://example.com/profile348.jpg', 1),
       (349, 'user349@example.com', '사용자349 닉네임', 'https://example.com/profile349.jpg', 1),
       (350, 'user350@example.com', '사용자350 닉네임', 'https://example.com/profile350.jpg', 1),
       (351, 'user351@example.com', '사용자351 닉네임', 'https://example.com/profile351.jpg', 1),
       (352, 'user352@example.com', '사용자352 닉네임', 'https://example.com/profile352.jpg', 1),
       (353, 'user353@example.com', '사용자353 닉네임', 'https://example.com/profile353.jpg', 1),
       (354, 'user354@example.com', '사용자354 닉네임', 'https://example.com/profile354.jpg', 1),
       (355, 'user355@example.com', '사용자355 닉네임', 'https://example.com/profile355.jpg', 1),
       (356, 'user356@example.com', '사용자356 닉네임', 'https://example.com/profile356.jpg', 1),
       (357, 'user357@example.com', '사용자357 닉네임', 'https://example.com/profile357.jpg', 1),
       (358, 'user358@example.com', '사용자358 닉네임', 'https://example.com/profile358.jpg', 1),
       (359, 'user359@example.com', '사용자359 닉네임', 'https://example.com/profile359.jpg', 1),
       (360, 'user360@example.com', '사용자360 닉네임', 'https://example.com/profile360.jpg', 1),
       (361, 'user361@example.com', '사용자361 닉네임', 'https://example.com/profile361.jpg', 1),
       (362, 'user362@example.com', '사용자362 닉네임', 'https://example.com/profile362.jpg', 1),
       (363, 'user363@example.com', '사용자363 닉네임', 'https://example.com/profile363.jpg', 1),
       (364, 'user364@example.com', '사용자364 닉네임', 'https://example.com/profile364.jpg', 1),
       (365, 'user365@example.com', '사용자365 닉네임', 'https://example.com/profile365.jpg', 1),
       (366, 'user366@example.com', '사용자366 닉네임', 'https://example.com/profile366.jpg', 1),
       (367, 'user367@example.com', '사용자367 닉네임', 'https://example.com/profile367.jpg', 1),
       (368, 'user368@example.com', '사용자368 닉네임', 'https://example.com/profile368.jpg', 1),
       (369, 'user369@example.com', '사용자369 닉네임', 'https://example.com/profile369.jpg', 1),
       (370, 'user370@example.com', '사용자370 닉네임', 'https://example.com/profile370.jpg', 1),
       (371, 'user371@example.com', '사용자371 닉네임', 'https://example.com/profile371.jpg', 1),
       (372, 'user372@example.com', '사용자372 닉네임', 'https://example.com/profile372.jpg', 1),
       (373, 'user373@example.com', '사용자373 닉네임', 'https://example.com/profile373.jpg', 1),
       (374, 'user374@example.com', '사용자374 닉네임', 'https://example.com/profile374.jpg', 1),
       (375, 'user375@example.com', '사용자375 닉네임', 'https://example.com/profile375.jpg', 1),
       (376, 'user376@example.com', '사용자376 닉네임', 'https://example.com/profile376.jpg', 1),
       (377, 'user377@example.com', '사용자377 닉네임', 'https://example.com/profile377.jpg', 1),
       (378, 'user378@example.com', '사용자378 닉네임', 'https://example.com/profile378.jpg', 1),
       (379, 'user379@example.com', '사용자379 닉네임', 'https://example.com/profile379.jpg', 1),
       (380, 'user380@example.com', '사용자380 닉네임', 'https://example.com/profile380.jpg', 1),
       (381, 'user381@example.com', '사용자381 닉네임', 'https://example.com/profile381.jpg', 1),
       (382, 'user382@example.com', '사용자382 닉네임', 'https://example.com/profile382.jpg', 1),
       (383, 'user383@example.com', '사용자383 닉네임', 'https://example.com/profile383.jpg', 1),
       (384, 'user384@example.com', '사용자384 닉네임', 'https://example.com/profile384.jpg', 1),
       (385, 'user385@example.com', '사용자385 닉네임', 'https://example.com/profile385.jpg', 1),
       (386, 'user386@example.com', '사용자386 닉네임', 'https://example.com/profile386.jpg', 1),
       (387, 'user387@example.com', '사용자387 닉네임', 'https://example.com/profile387.jpg', 1),
       (388, 'user388@example.com', '사용자388 닉네임', 'https://example.com/profile388.jpg', 1),
       (389, 'user389@example.com', '사용자389 닉네임', 'https://example.com/profile389.jpg', 1),
       (390, 'user390@example.com', '사용자390 닉네임', 'https://example.com/profile390.jpg', 1),
       (391, 'user391@example.com', '사용자391 닉네임', 'https://example.com/profile391.jpg', 1),
       (392, 'user392@example.com', '사용자392 닉네임', 'https://example.com/profile392.jpg', 1),
       (393, 'user393@example.com', '사용자393 닉네임', 'https://example.com/profile393.jpg', 1),
       (394, 'user394@example.com', '사용자394 닉네임', 'https://example.com/profile394.jpg', 1),
       (395, 'user395@example.com', '사용자395 닉네임', 'https://example.com/profile395.jpg', 1),
       (396, 'user396@example.com', '사용자396 닉네임', 'https://example.com/profile396.jpg', 1),
       (397, 'user397@example.com', '사용자397 닉네임', 'https://example.com/profile397.jpg', 1),
       (398, 'user398@example.com', '사용자398 닉네임', 'https://example.com/profile398.jpg', 1),
       (399, 'user399@example.com', '사용자399 닉네임', 'https://example.com/profile399.jpg', 1),
       (400, 'user400@example.com', '사용자400 닉네임', 'https://example.com/profile400.jpg', 1),
       (401, 'user401@example.com', '사용자401 닉네임', 'https://example.com/profile401.jpg', 1),
       (402, 'user402@example.com', '사용자402 닉네임', 'https://example.com/profile402.jpg', 1),
       (403, 'user403@example.com', '사용자403 닉네임', 'https://example.com/profile403.jpg', 1),
       (404, 'user404@example.com', '사용자404 닉네임', 'https://example.com/profile404.jpg', 1),
       (405, 'user405@example.com', '사용자405 닉네임', 'https://example.com/profile405.jpg', 1),
       (406, 'user406@example.com', '사용자406 닉네임', 'https://example.com/profile406.jpg', 1),
       (407, 'user407@example.com', '사용자407 닉네임', 'https://example.com/profile407.jpg', 1),
       (408, 'user408@example.com', '사용자408 닉네임', 'https://example.com/profile408.jpg', 1),
       (409, 'user409@example.com', '사용자409 닉네임', 'https://example.com/profile409.jpg', 1),
       (410, 'user410@example.com', '사용자410 닉네임', 'https://example.com/profile410.jpg', 1),
       (411, 'user411@example.com', '사용자411 닉네임', 'https://example.com/profile411.jpg', 1),
       (412, 'user412@example.com', '사용자412 닉네임', 'https://example.com/profile412.jpg', 1),
       (413, 'user413@example.com', '사용자413 닉네임', 'https://example.com/profile413.jpg', 1),
       (414, 'user414@example.com', '사용자414 닉네임', 'https://example.com/profile414.jpg', 1),
       (415, 'user415@example.com', '사용자415 닉네임', 'https://example.com/profile415.jpg', 1),
       (416, 'user416@example.com', '사용자416 닉네임', 'https://example.com/profile416.jpg', 1),
       (417, 'user417@example.com', '사용자417 닉네임', 'https://example.com/profile417.jpg', 1),
       (418, 'user418@example.com', '사용자418 닉네임', 'https://example.com/profile418.jpg', 1),
       (419, 'user419@example.com', '사용자419 닉네임', 'https://example.com/profile419.jpg', 1),
       (420, 'user420@example.com', '사용자420 닉네임', 'https://example.com/profile420.jpg', 1),
       (421, 'user421@example.com', '사용자421 닉네임', 'https://example.com/profile421.jpg', 1),
       (422, 'user422@example.com', '사용자422 닉네임', 'https://example.com/profile422.jpg', 1),
       (423, 'user423@example.com', '사용자423 닉네임', 'https://example.com/profile423.jpg', 1),
       (424, 'user424@example.com', '사용자424 닉네임', 'https://example.com/profile424.jpg', 1),
       (425, 'user425@example.com', '사용자425 닉네임', 'https://example.com/profile425.jpg', 1),
       (426, 'user426@example.com', '사용자426 닉네임', 'https://example.com/profile426.jpg', 1),
       (427, 'user427@example.com', '사용자427 닉네임', 'https://example.com/profile427.jpg', 1),
       (428, 'user428@example.com', '사용자428 닉네임', 'https://example.com/profile428.jpg', 1),
       (429, 'user429@example.com', '사용자429 닉네임', 'https://example.com/profile429.jpg', 1),
       (430, 'user430@example.com', '사용자430 닉네임', 'https://example.com/profile430.jpg', 1),
       (431, 'user431@example.com', '사용자431 닉네임', 'https://example.com/profile431.jpg', 1),
       (432, 'user432@example.com', '사용자432 닉네임', 'https://example.com/profile432.jpg', 1),
       (433, 'user433@example.com', '사용자433 닉네임', 'https://example.com/profile433.jpg', 1),
       (434, 'user434@example.com', '사용자434 닉네임', 'https://example.com/profile434.jpg', 1),
       (435, 'user435@example.com', '사용자435 닉네임', 'https://example.com/profile435.jpg', 1),
       (436, 'user436@example.com', '사용자436 닉네임', 'https://example.com/profile436.jpg', 1),
       (437, 'user437@example.com', '사용자437 닉네임', 'https://example.com/profile437.jpg', 1),
       (438, 'user438@example.com', '사용자438 닉네임', 'https://example.com/profile438.jpg', 1),
       (439, 'user439@example.com', '사용자439 닉네임', 'https://example.com/profile439.jpg', 1),
       (440, 'user440@example.com', '사용자440 닉네임', 'https://example.com/profile440.jpg', 1),
       (441, 'user441@example.com', '사용자441 닉네임', 'https://example.com/profile441.jpg', 1),
       (442, 'user442@example.com', '사용자442 닉네임', 'https://example.com/profile442.jpg', 1),
       (443, 'user443@example.com', '사용자443 닉네임', 'https://example.com/profile443.jpg', 1),
       (444, 'user444@example.com', '사용자444 닉네임', 'https://example.com/profile444.jpg', 1),
       (445, 'user445@example.com', '사용자445 닉네임', 'https://example.com/profile445.jpg', 1),
       (446, 'user446@example.com', '사용자446 닉네임', 'https://example.com/profile446.jpg', 1),
       (447, 'user447@example.com', '사용자447 닉네임', 'https://example.com/profile447.jpg', 1),
       (448, 'user448@example.com', '사용자448 닉네임', 'https://example.com/profile448.jpg', 1),
       (449, 'user449@example.com', '사용자449 닉네임', 'https://example.com/profile449.jpg', 1),
       (450, 'user450@example.com', '사용자450 닉네임', 'https://example.com/profile450.jpg', 1),
       (451, 'user451@example.com', '사용자451 닉네임', 'https://example.com/profile451.jpg', 1),
       (452, 'user452@example.com', '사용자452 닉네임', 'https://example.com/profile452.jpg', 1),
       (453, 'user453@example.com', '사용자453 닉네임', 'https://example.com/profile453.jpg', 1),
       (454, 'user454@example.com', '사용자454 닉네임', 'https://example.com/profile454.jpg', 1),
       (455, 'user455@example.com', '사용자455 닉네임', 'https://example.com/profile455.jpg', 1),
       (456, 'user456@example.com', '사용자456 닉네임', 'https://example.com/profile456.jpg', 1),
       (457, 'user457@example.com', '사용자457 닉네임', 'https://example.com/profile457.jpg', 1),
       (458, 'user458@example.com', '사용자458 닉네임', 'https://example.com/profile458.jpg', 1),
       (459, 'user459@example.com', '사용자459 닉네임', 'https://example.com/profile459.jpg', 1),
       (460, 'user460@example.com', '사용자460 닉네임', 'https://example.com/profile460.jpg', 1),
       (461, 'user461@example.com', '사용자461 닉네임', 'https://example.com/profile461.jpg', 1),
       (462, 'user462@example.com', '사용자462 닉네임', 'https://example.com/profile462.jpg', 1),
       (463, 'user463@example.com', '사용자463 닉네임', 'https://example.com/profile463.jpg', 1),
       (464, 'user464@example.com', '사용자464 닉네임', 'https://example.com/profile464.jpg', 1),
       (465, 'user465@example.com', '사용자465 닉네임', 'https://example.com/profile465.jpg', 1),
       (466, 'user466@example.com', '사용자466 닉네임', 'https://example.com/profile466.jpg', 1),
       (467, 'user467@example.com', '사용자467 닉네임', 'https://example.com/profile467.jpg', 1),
       (468, 'user468@example.com', '사용자468 닉네임', 'https://example.com/profile468.jpg', 1),
       (469, 'user469@example.com', '사용자469 닉네임', 'https://example.com/profile469.jpg', 1),
       (470, 'user470@example.com', '사용자470 닉네임', 'https://example.com/profile470.jpg', 1),
       (471, 'user471@example.com', '사용자471 닉네임', 'https://example.com/profile471.jpg', 1),
       (472, 'user472@example.com', '사용자472 닉네임', 'https://example.com/profile472.jpg', 1),
       (473, 'user473@example.com', '사용자473 닉네임', 'https://example.com/profile473.jpg', 1),
       (474, 'user474@example.com', '사용자474 닉네임', 'https://example.com/profile474.jpg', 1),
       (475, 'user475@example.com', '사용자475 닉네임', 'https://example.com/profile475.jpg', 1),
       (476, 'user476@example.com', '사용자476 닉네임', 'https://example.com/profile476.jpg', 1),
       (477, 'user477@example.com', '사용자477 닉네임', 'https://example.com/profile477.jpg', 1),
       (478, 'user478@example.com', '사용자478 닉네임', 'https://example.com/profile478.jpg', 1),
       (479, 'user479@example.com', '사용자479 닉네임', 'https://example.com/profile479.jpg', 1),
       (480, 'user480@example.com', '사용자480 닉네임', 'https://example.com/profile480.jpg', 1),
       (481, 'user481@example.com', '사용자481 닉네임', 'https://example.com/profile481.jpg', 1),
       (482, 'user482@example.com', '사용자482 닉네임', 'https://example.com/profile482.jpg', 1),
       (483, 'user483@example.com', '사용자483 닉네임', 'https://example.com/profile483.jpg', 1),
       (484, 'user484@example.com', '사용자484 닉네임', 'https://example.com/profile484.jpg', 1),
       (485, 'user485@example.com', '사용자485 닉네임', 'https://example.com/profile485.jpg', 1),
       (486, 'user486@example.com', '사용자486 닉네임', 'https://example.com/profile486.jpg', 1),
       (487, 'user487@example.com', '사용자487 닉네임', 'https://example.com/profile487.jpg', 1),
       (488, 'user488@example.com', '사용자488 닉네임', 'https://example.com/profile488.jpg', 1),
       (489, 'user489@example.com', '사용자489 닉네임', 'https://example.com/profile489.jpg', 1),
       (490, 'user490@example.com', '사용자490 닉네임', 'https://example.com/profile490.jpg', 1),
       (491, 'user491@example.com', '사용자491 닉네임', 'https://example.com/profile491.jpg', 1),
       (492, 'user492@example.com', '사용자492 닉네임', 'https://example.com/profile492.jpg', 1),
       (493, 'user493@example.com', '사용자493 닉네임', 'https://example.com/profile493.jpg', 1),
       (494, 'user494@example.com', '사용자494 닉네임', 'https://example.com/profile494.jpg', 1),
       (495, 'user495@example.com', '사용자495 닉네임', 'https://example.com/profile495.jpg', 1),
       (496, 'user496@example.com', '사용자496 닉네임', 'https://example.com/profile496.jpg', 1),
       (497, 'user497@example.com', '사용자497 닉네임', 'https://example.com/profile497.jpg', 1),
       (498, 'user498@example.com', '사용자498 닉네임', 'https://example.com/profile498.jpg', 1),
       (499, 'user499@example.com', '사용자499 닉네임', 'https://example.com/profile499.jpg', 1),
       (500, 'user500@example.com', '사용자500 닉네임', 'https://example.com/profile500.jpg', 1),
       (501, 'user501@example.com', '사용자501 닉네임', 'https://example.com/profile501.jpg', 1),
       (502, 'user502@example.com', '사용자502 닉네임', 'https://example.com/profile502.jpg', 1),
       (503, 'user503@example.com', '사용자503 닉네임', 'https://example.com/profile503.jpg', 1),
       (504, 'user504@example.com', '사용자504 닉네임', 'https://example.com/profile504.jpg', 1),
       (505, 'user505@example.com', '사용자505 닉네임', 'https://example.com/profile505.jpg', 1),
       (506, 'user506@example.com', '사용자506 닉네임', 'https://example.com/profile506.jpg', 1),
       (507, 'user507@example.com', '사용자507 닉네임', 'https://example.com/profile507.jpg', 1),
       (508, 'user508@example.com', '사용자508 닉네임', 'https://example.com/profile508.jpg', 1),
       (509, 'user509@example.com', '사용자509 닉네임', 'https://example.com/profile509.jpg', 1),
       (510, 'user510@example.com', '사용자510 닉네임', 'https://example.com/profile510.jpg', 1),
       (511, 'user511@example.com', '사용자511 닉네임', 'https://example.com/profile511.jpg', 1),
       (512, 'user512@example.com', '사용자512 닉네임', 'https://example.com/profile512.jpg', 1),
       (513, 'user513@example.com', '사용자513 닉네임', 'https://example.com/profile513.jpg', 1),
       (514, 'user514@example.com', '사용자514 닉네임', 'https://example.com/profile514.jpg', 1),
       (515, 'user515@example.com', '사용자515 닉네임', 'https://example.com/profile515.jpg', 1),
       (516, 'user516@example.com', '사용자516 닉네임', 'https://example.com/profile516.jpg', 1),
       (517, 'user517@example.com', '사용자517 닉네임', 'https://example.com/profile517.jpg', 1),
       (518, 'user518@example.com', '사용자518 닉네임', 'https://example.com/profile518.jpg', 1),
       (519, 'user519@example.com', '사용자519 닉네임', 'https://example.com/profile519.jpg', 1),
       (520, 'user520@example.com', '사용자520 닉네임', 'https://example.com/profile520.jpg', 1),
       (521, 'user521@example.com', '사용자521 닉네임', 'https://example.com/profile521.jpg', 1),
       (522, 'user522@example.com', '사용자522 닉네임', 'https://example.com/profile522.jpg', 1),
       (523, 'user523@example.com', '사용자523 닉네임', 'https://example.com/profile523.jpg', 1),
       (524, 'user524@example.com', '사용자524 닉네임', 'https://example.com/profile524.jpg', 1),
       (525, 'user525@example.com', '사용자525 닉네임', 'https://example.com/profile525.jpg', 1),
       (526, 'user526@example.com', '사용자526 닉네임', 'https://example.com/profile526.jpg', 1),
       (527, 'user527@example.com', '사용자527 닉네임', 'https://example.com/profile527.jpg', 1),
       (528, 'user528@example.com', '사용자528 닉네임', 'https://example.com/profile528.jpg', 1),
       (529, 'user529@example.com', '사용자529 닉네임', 'https://example.com/profile529.jpg', 1),
       (530, 'user530@example.com', '사용자530 닉네임', 'https://example.com/profile530.jpg', 1),
       (531, 'user531@example.com', '사용자531 닉네임', 'https://example.com/profile531.jpg', 1),
       (532, 'user532@example.com', '사용자532 닉네임', 'https://example.com/profile532.jpg', 1),
       (533, 'user533@example.com', '사용자533 닉네임', 'https://example.com/profile533.jpg', 1),
       (534, 'user534@example.com', '사용자534 닉네임', 'https://example.com/profile534.jpg', 1),
       (535, 'user535@example.com', '사용자535 닉네임', 'https://example.com/profile535.jpg', 1),
       (536, 'user536@example.com', '사용자536 닉네임', 'https://example.com/profile536.jpg', 1),
       (537, 'user537@example.com', '사용자537 닉네임', 'https://example.com/profile537.jpg', 1),
       (538, 'user538@example.com', '사용자538 닉네임', 'https://example.com/profile538.jpg', 1),
       (539, 'user539@example.com', '사용자539 닉네임', 'https://example.com/profile539.jpg', 1),
       (540, 'user540@example.com', '사용자540 닉네임', 'https://example.com/profile540.jpg', 1),
       (541, 'user541@example.com', '사용자541 닉네임', 'https://example.com/profile541.jpg', 1),
       (542, 'user542@example.com', '사용자542 닉네임', 'https://example.com/profile542.jpg', 1),
       (543, 'user543@example.com', '사용자543 닉네임', 'https://example.com/profile543.jpg', 1),
       (544, 'user544@example.com', '사용자544 닉네임', 'https://example.com/profile544.jpg', 1),
       (545, 'user545@example.com', '사용자545 닉네임', 'https://example.com/profile545.jpg', 1),
       (546, 'user546@example.com', '사용자546 닉네임', 'https://example.com/profile546.jpg', 1),
       (547, 'user547@example.com', '사용자547 닉네임', 'https://example.com/profile547.jpg', 1),
       (548, 'user548@example.com', '사용자548 닉네임', 'https://example.com/profile548.jpg', 1),
       (549, 'user549@example.com', '사용자549 닉네임', 'https://example.com/profile549.jpg', 1),
       (550, 'user550@example.com', '사용자550 닉네임', 'https://example.com/profile550.jpg', 1),
       (551, 'user551@example.com', '사용자551 닉네임', 'https://example.com/profile551.jpg', 1),
       (552, 'user552@example.com', '사용자552 닉네임', 'https://example.com/profile552.jpg', 1),
       (553, 'user553@example.com', '사용자553 닉네임', 'https://example.com/profile553.jpg', 1),
       (554, 'user554@example.com', '사용자554 닉네임', 'https://example.com/profile554.jpg', 1),
       (555, 'user555@example.com', '사용자555 닉네임', 'https://example.com/profile555.jpg', 1),
       (556, 'user556@example.com', '사용자556 닉네임', 'https://example.com/profile556.jpg', 1),
       (557, 'user557@example.com', '사용자557 닉네임', 'https://example.com/profile557.jpg', 1),
       (558, 'user558@example.com', '사용자558 닉네임', 'https://example.com/profile558.jpg', 1),
       (559, 'user559@example.com', '사용자559 닉네임', 'https://example.com/profile559.jpg', 1),
       (560, 'user560@example.com', '사용자560 닉네임', 'https://example.com/profile560.jpg', 1),
       (561, 'user561@example.com', '사용자561 닉네임', 'https://example.com/profile561.jpg', 1),
       (562, 'user562@example.com', '사용자562 닉네임', 'https://example.com/profile562.jpg', 1),
       (563, 'user563@example.com', '사용자563 닉네임', 'https://example.com/profile563.jpg', 1),
       (564, 'user564@example.com', '사용자564 닉네임', 'https://example.com/profile564.jpg', 1),
       (565, 'user565@example.com', '사용자565 닉네임', 'https://example.com/profile565.jpg', 1),
       (566, 'user566@example.com', '사용자566 닉네임', 'https://example.com/profile566.jpg', 1),
       (567, 'user567@example.com', '사용자567 닉네임', 'https://example.com/profile567.jpg', 1),
       (568, 'user568@example.com', '사용자568 닉네임', 'https://example.com/profile568.jpg', 1),
       (569, 'user569@example.com', '사용자569 닉네임', 'https://example.com/profile569.jpg', 1),
       (570, 'user570@example.com', '사용자570 닉네임', 'https://example.com/profile570.jpg', 1),
       (571, 'user571@example.com', '사용자571 닉네임', 'https://example.com/profile571.jpg', 1),
       (572, 'user572@example.com', '사용자572 닉네임', 'https://example.com/profile572.jpg', 1),
       (573, 'user573@example.com', '사용자573 닉네임', 'https://example.com/profile573.jpg', 1),
       (574, 'user574@example.com', '사용자574 닉네임', 'https://example.com/profile574.jpg', 1),
       (575, 'user575@example.com', '사용자575 닉네임', 'https://example.com/profile575.jpg', 1),
       (576, 'user576@example.com', '사용자576 닉네임', 'https://example.com/profile576.jpg', 1),
       (577, 'user577@example.com', '사용자577 닉네임', 'https://example.com/profile577.jpg', 1),
       (578, 'user578@example.com', '사용자578 닉네임', 'https://example.com/profile578.jpg', 1),
       (579, 'user579@example.com', '사용자579 닉네임', 'https://example.com/profile579.jpg', 1),
       (580, 'user580@example.com', '사용자580 닉네임', 'https://example.com/profile580.jpg', 1),
       (581, 'user581@example.com', '사용자581 닉네임', 'https://example.com/profile581.jpg', 1),
       (582, 'user582@example.com', '사용자582 닉네임', 'https://example.com/profile582.jpg', 1),
       (583, 'user583@example.com', '사용자583 닉네임', 'https://example.com/profile583.jpg', 1),
       (584, 'user584@example.com', '사용자584 닉네임', 'https://example.com/profile584.jpg', 1),
       (585, 'user585@example.com', '사용자585 닉네임', 'https://example.com/profile585.jpg', 1),
       (586, 'user586@example.com', '사용자586 닉네임', 'https://example.com/profile586.jpg', 1),
       (587, 'user587@example.com', '사용자587 닉네임', 'https://example.com/profile587.jpg', 1),
       (588, 'user588@example.com', '사용자588 닉네임', 'https://example.com/profile588.jpg', 1),
       (589, 'user589@example.com', '사용자589 닉네임', 'https://example.com/profile589.jpg', 1),
       (590, 'user590@example.com', '사용자590 닉네임', 'https://example.com/profile590.jpg', 1),
       (591, 'user591@example.com', '사용자591 닉네임', 'https://example.com/profile591.jpg', 1),
       (592, 'user592@example.com', '사용자592 닉네임', 'https://example.com/profile592.jpg', 1),
       (593, 'user593@example.com', '사용자593 닉네임', 'https://example.com/profile593.jpg', 1),
       (594, 'user594@example.com', '사용자594 닉네임', 'https://example.com/profile594.jpg', 1),
       (595, 'user595@example.com', '사용자595 닉네임', 'https://example.com/profile595.jpg', 1),
       (596, 'user596@example.com', '사용자596 닉네임', 'https://example.com/profile596.jpg', 1),
       (597, 'user597@example.com', '사용자597 닉네임', 'https://example.com/profile597.jpg', 1),
       (598, 'user598@example.com', '사용자598 닉네임', 'https://example.com/profile598.jpg', 1),
       (599, 'user599@example.com', '사용자599 닉네임', 'https://example.com/profile599.jpg', 1),
       (600, 'user600@example.com', '사용자600 닉네임', 'https://example.com/profile600.jpg', 1),
       (601, 'user601@example.com', '사용자601 닉네임', 'https://example.com/profile601.jpg', 1),
       (602, 'user602@example.com', '사용자602 닉네임', 'https://example.com/profile602.jpg', 1),
       (603, 'user603@example.com', '사용자603 닉네임', 'https://example.com/profile603.jpg', 1),
       (604, 'user604@example.com', '사용자604 닉네임', 'https://example.com/profile604.jpg', 1),
       (605, 'user605@example.com', '사용자605 닉네임', 'https://example.com/profile605.jpg', 1),
       (606, 'user606@example.com', '사용자606 닉네임', 'https://example.com/profile606.jpg', 1),
       (607, 'user607@example.com', '사용자607 닉네임', 'https://example.com/profile607.jpg', 1),
       (608, 'user608@example.com', '사용자608 닉네임', 'https://example.com/profile608.jpg', 1),
       (609, 'user609@example.com', '사용자609 닉네임', 'https://example.com/profile609.jpg', 1),
       (610, 'user610@example.com', '사용자610 닉네임', 'https://example.com/profile610.jpg', 1),
       (611, 'user611@example.com', '사용자611 닉네임', 'https://example.com/profile611.jpg', 1),
       (612, 'user612@example.com', '사용자612 닉네임', 'https://example.com/profile612.jpg', 1),
       (613, 'user613@example.com', '사용자613 닉네임', 'https://example.com/profile613.jpg', 1),
       (614, 'user614@example.com', '사용자614 닉네임', 'https://example.com/profile614.jpg', 1),
       (615, 'user615@example.com', '사용자615 닉네임', 'https://example.com/profile615.jpg', 1),
       (616, 'user616@example.com', '사용자616 닉네임', 'https://example.com/profile616.jpg', 1),
       (617, 'user617@example.com', '사용자617 닉네임', 'https://example.com/profile617.jpg', 1),
       (618, 'user618@example.com', '사용자618 닉네임', 'https://example.com/profile618.jpg', 1),
       (619, 'user619@example.com', '사용자619 닉네임', 'https://example.com/profile619.jpg', 1),
       (620, 'user620@example.com', '사용자620 닉네임', 'https://example.com/profile620.jpg', 1),
       (621, 'user621@example.com', '사용자621 닉네임', 'https://example.com/profile621.jpg', 1),
       (622, 'user622@example.com', '사용자622 닉네임', 'https://example.com/profile622.jpg', 1),
       (623, 'user623@example.com', '사용자623 닉네임', 'https://example.com/profile623.jpg', 1),
       (624, 'user624@example.com', '사용자624 닉네임', 'https://example.com/profile624.jpg', 1),
       (625, 'user625@example.com', '사용자625 닉네임', 'https://example.com/profile625.jpg', 1),
       (626, 'user626@example.com', '사용자626 닉네임', 'https://example.com/profile626.jpg', 1),
       (627, 'user627@example.com', '사용자627 닉네임', 'https://example.com/profile627.jpg', 1),
       (628, 'user628@example.com', '사용자628 닉네임', 'https://example.com/profile628.jpg', 1),
       (629, 'user629@example.com', '사용자629 닉네임', 'https://example.com/profile629.jpg', 1),
       (630, 'user630@example.com', '사용자630 닉네임', 'https://example.com/profile630.jpg', 1),
       (631, 'user631@example.com', '사용자631 닉네임', 'https://example.com/profile631.jpg', 1),
       (632, 'user632@example.com', '사용자632 닉네임', 'https://example.com/profile632.jpg', 1),
       (633, 'user633@example.com', '사용자633 닉네임', 'https://example.com/profile633.jpg', 1),
       (634, 'user634@example.com', '사용자634 닉네임', 'https://example.com/profile634.jpg', 1),
       (635, 'user635@example.com', '사용자635 닉네임', 'https://example.com/profile635.jpg', 1),
       (636, 'user636@example.com', '사용자636 닉네임', 'https://example.com/profile636.jpg', 1),
       (637, 'user637@example.com', '사용자637 닉네임', 'https://example.com/profile637.jpg', 1),
       (638, 'user638@example.com', '사용자638 닉네임', 'https://example.com/profile638.jpg', 1),
       (639, 'user639@example.com', '사용자639 닉네임', 'https://example.com/profile639.jpg', 1),
       (640, 'user640@example.com', '사용자640 닉네임', 'https://example.com/profile640.jpg', 1),
       (641, 'user641@example.com', '사용자641 닉네임', 'https://example.com/profile641.jpg', 1),
       (642, 'user642@example.com', '사용자642 닉네임', 'https://example.com/profile642.jpg', 1),
       (643, 'user643@example.com', '사용자643 닉네임', 'https://example.com/profile643.jpg', 1),
       (644, 'user644@example.com', '사용자644 닉네임', 'https://example.com/profile644.jpg', 1),
       (645, 'user645@example.com', '사용자645 닉네임', 'https://example.com/profile645.jpg', 1),
       (646, 'user646@example.com', '사용자646 닉네임', 'https://example.com/profile646.jpg', 1),
       (647, 'user647@example.com', '사용자647 닉네임', 'https://example.com/profile647.jpg', 1),
       (648, 'user648@example.com', '사용자648 닉네임', 'https://example.com/profile648.jpg', 1),
       (649, 'user649@example.com', '사용자649 닉네임', 'https://example.com/profile649.jpg', 1),
       (650, 'user650@example.com', '사용자650 닉네임', 'https://example.com/profile650.jpg', 1),
       (651, 'user651@example.com', '사용자651 닉네임', 'https://example.com/profile651.jpg', 1),
       (652, 'user652@example.com', '사용자652 닉네임', 'https://example.com/profile652.jpg', 1),
       (653, 'user653@example.com', '사용자653 닉네임', 'https://example.com/profile653.jpg', 1),
       (654, 'user654@example.com', '사용자654 닉네임', 'https://example.com/profile654.jpg', 1),
       (655, 'user655@example.com', '사용자655 닉네임', 'https://example.com/profile655.jpg', 1),
       (656, 'user656@example.com', '사용자656 닉네임', 'https://example.com/profile656.jpg', 1),
       (657, 'user657@example.com', '사용자657 닉네임', 'https://example.com/profile657.jpg', 1),
       (658, 'user658@example.com', '사용자658 닉네임', 'https://example.com/profile658.jpg', 1),
       (659, 'user659@example.com', '사용자659 닉네임', 'https://example.com/profile659.jpg', 1),
       (660, 'user660@example.com', '사용자660 닉네임', 'https://example.com/profile660.jpg', 1),
       (661, 'user661@example.com', '사용자661 닉네임', 'https://example.com/profile661.jpg', 1),
       (662, 'user662@example.com', '사용자662 닉네임', 'https://example.com/profile662.jpg', 1),
       (663, 'user663@example.com', '사용자663 닉네임', 'https://example.com/profile663.jpg', 1),
       (664, 'user664@example.com', '사용자664 닉네임', 'https://example.com/profile664.jpg', 1),
       (665, 'user665@example.com', '사용자665 닉네임', 'https://example.com/profile665.jpg', 1),
       (666, 'user666@example.com', '사용자666 닉네임', 'https://example.com/profile666.jpg', 1),
       (667, 'user667@example.com', '사용자667 닉네임', 'https://example.com/profile667.jpg', 1),
       (668, 'user668@example.com', '사용자668 닉네임', 'https://example.com/profile668.jpg', 1),
       (669, 'user669@example.com', '사용자669 닉네임', 'https://example.com/profile669.jpg', 1),
       (670, 'user670@example.com', '사용자670 닉네임', 'https://example.com/profile670.jpg', 1),
       (671, 'user671@example.com', '사용자671 닉네임', 'https://example.com/profile671.jpg', 1),
       (672, 'user672@example.com', '사용자672 닉네임', 'https://example.com/profile672.jpg', 1),
       (673, 'user673@example.com', '사용자673 닉네임', 'https://example.com/profile673.jpg', 1),
       (674, 'user674@example.com', '사용자674 닉네임', 'https://example.com/profile674.jpg', 1),
       (675, 'user675@example.com', '사용자675 닉네임', 'https://example.com/profile675.jpg', 1),
       (676, 'user676@example.com', '사용자676 닉네임', 'https://example.com/profile676.jpg', 1),
       (677, 'user677@example.com', '사용자677 닉네임', 'https://example.com/profile677.jpg', 1),
       (678, 'user678@example.com', '사용자678 닉네임', 'https://example.com/profile678.jpg', 1),
       (679, 'user679@example.com', '사용자679 닉네임', 'https://example.com/profile679.jpg', 1),
       (680, 'user680@example.com', '사용자680 닉네임', 'https://example.com/profile680.jpg', 1),
       (681, 'user681@example.com', '사용자681 닉네임', 'https://example.com/profile681.jpg', 1),
       (682, 'user682@example.com', '사용자682 닉네임', 'https://example.com/profile682.jpg', 1),
       (683, 'user683@example.com', '사용자683 닉네임', 'https://example.com/profile683.jpg', 1),
       (684, 'user684@example.com', '사용자684 닉네임', 'https://example.com/profile684.jpg', 1),
       (685, 'user685@example.com', '사용자685 닉네임', 'https://example.com/profile685.jpg', 1),
       (686, 'user686@example.com', '사용자686 닉네임', 'https://example.com/profile686.jpg', 1),
       (687, 'user687@example.com', '사용자687 닉네임', 'https://example.com/profile687.jpg', 1),
       (688, 'user688@example.com', '사용자688 닉네임', 'https://example.com/profile688.jpg', 1),
       (689, 'user689@example.com', '사용자689 닉네임', 'https://example.com/profile689.jpg', 1),
       (690, 'user690@example.com', '사용자690 닉네임', 'https://example.com/profile690.jpg', 1),
       (691, 'user691@example.com', '사용자691 닉네임', 'https://example.com/profile691.jpg', 1),
       (692, 'user692@example.com', '사용자692 닉네임', 'https://example.com/profile692.jpg', 1),
       (693, 'user693@example.com', '사용자693 닉네임', 'https://example.com/profile693.jpg', 1),
       (694, 'user694@example.com', '사용자694 닉네임', 'https://example.com/profile694.jpg', 1),
       (695, 'user695@example.com', '사용자695 닉네임', 'https://example.com/profile695.jpg', 1),
       (696, 'user696@example.com', '사용자696 닉네임', 'https://example.com/profile696.jpg', 1),
       (697, 'user697@example.com', '사용자697 닉네임', 'https://example.com/profile697.jpg', 1),
       (698, 'user698@example.com', '사용자698 닉네임', 'https://example.com/profile698.jpg', 1),
       (699, 'user699@example.com', '사용자699 닉네임', 'https://example.com/profile699.jpg', 1),
       (700, 'user700@example.com', '사용자700 닉네임', 'https://example.com/profile700.jpg', 1),
       (701, 'user701@example.com', '사용자701 닉네임', 'https://example.com/profile701.jpg', 1),
       (702, 'user702@example.com', '사용자702 닉네임', 'https://example.com/profile702.jpg', 1),
       (703, 'user703@example.com', '사용자703 닉네임', 'https://example.com/profile703.jpg', 1),
       (704, 'user704@example.com', '사용자704 닉네임', 'https://example.com/profile704.jpg', 1),
       (705, 'user705@example.com', '사용자705 닉네임', 'https://example.com/profile705.jpg', 1),
       (706, 'user706@example.com', '사용자706 닉네임', 'https://example.com/profile706.jpg', 1),
       (707, 'user707@example.com', '사용자707 닉네임', 'https://example.com/profile707.jpg', 1),
       (708, 'user708@example.com', '사용자708 닉네임', 'https://example.com/profile708.jpg', 1),
       (709, 'user709@example.com', '사용자709 닉네임', 'https://example.com/profile709.jpg', 1),
       (710, 'user710@example.com', '사용자710 닉네임', 'https://example.com/profile710.jpg', 1),
       (711, 'user711@example.com', '사용자711 닉네임', 'https://example.com/profile711.jpg', 1),
       (712, 'user712@example.com', '사용자712 닉네임', 'https://example.com/profile712.jpg', 1),
       (713, 'user713@example.com', '사용자713 닉네임', 'https://example.com/profile713.jpg', 1),
       (714, 'user714@example.com', '사용자714 닉네임', 'https://example.com/profile714.jpg', 1),
       (715, 'user715@example.com', '사용자715 닉네임', 'https://example.com/profile715.jpg', 1),
       (716, 'user716@example.com', '사용자716 닉네임', 'https://example.com/profile716.jpg', 1),
       (717, 'user717@example.com', '사용자717 닉네임', 'https://example.com/profile717.jpg', 1),
       (718, 'user718@example.com', '사용자718 닉네임', 'https://example.com/profile718.jpg', 1),
       (719, 'user719@example.com', '사용자719 닉네임', 'https://example.com/profile719.jpg', 1),
       (720, 'user720@example.com', '사용자720 닉네임', 'https://example.com/profile720.jpg', 1),
       (721, 'user721@example.com', '사용자721 닉네임', 'https://example.com/profile721.jpg', 1),
       (722, 'user722@example.com', '사용자722 닉네임', 'https://example.com/profile722.jpg', 1),
       (723, 'user723@example.com', '사용자723 닉네임', 'https://example.com/profile723.jpg', 1),
       (724, 'user724@example.com', '사용자724 닉네임', 'https://example.com/profile724.jpg', 1),
       (725, 'user725@example.com', '사용자725 닉네임', 'https://example.com/profile725.jpg', 1),
       (726, 'user726@example.com', '사용자726 닉네임', 'https://example.com/profile726.jpg', 1),
       (727, 'user727@example.com', '사용자727 닉네임', 'https://example.com/profile727.jpg', 1),
       (728, 'user728@example.com', '사용자728 닉네임', 'https://example.com/profile728.jpg', 1),
       (729, 'user729@example.com', '사용자729 닉네임', 'https://example.com/profile729.jpg', 1),
       (730, 'user730@example.com', '사용자730 닉네임', 'https://example.com/profile730.jpg', 1),
       (731, 'user731@example.com', '사용자731 닉네임', 'https://example.com/profile731.jpg', 1),
       (732, 'user732@example.com', '사용자732 닉네임', 'https://example.com/profile732.jpg', 1),
       (733, 'user733@example.com', '사용자733 닉네임', 'https://example.com/profile733.jpg', 1),
       (734, 'user734@example.com', '사용자734 닉네임', 'https://example.com/profile734.jpg', 1),
       (735, 'user735@example.com', '사용자735 닉네임', 'https://example.com/profile735.jpg', 1),
       (736, 'user736@example.com', '사용자736 닉네임', 'https://example.com/profile736.jpg', 1),
       (737, 'user737@example.com', '사용자737 닉네임', 'https://example.com/profile737.jpg', 1),
       (738, 'user738@example.com', '사용자738 닉네임', 'https://example.com/profile738.jpg', 1),
       (739, 'user739@example.com', '사용자739 닉네임', 'https://example.com/profile739.jpg', 1),
       (740, 'user740@example.com', '사용자740 닉네임', 'https://example.com/profile740.jpg', 1),
       (741, 'user741@example.com', '사용자741 닉네임', 'https://example.com/profile741.jpg', 1),
       (742, 'user742@example.com', '사용자742 닉네임', 'https://example.com/profile742.jpg', 1),
       (743, 'user743@example.com', '사용자743 닉네임', 'https://example.com/profile743.jpg', 1),
       (744, 'user744@example.com', '사용자744 닉네임', 'https://example.com/profile744.jpg', 1),
       (745, 'user745@example.com', '사용자745 닉네임', 'https://example.com/profile745.jpg', 1),
       (746, 'user746@example.com', '사용자746 닉네임', 'https://example.com/profile746.jpg', 1),
       (747, 'user747@example.com', '사용자747 닉네임', 'https://example.com/profile747.jpg', 1),
       (748, 'user748@example.com', '사용자748 닉네임', 'https://example.com/profile748.jpg', 1),
       (749, 'user749@example.com', '사용자749 닉네임', 'https://example.com/profile749.jpg', 1),
       (750, 'user750@example.com', '사용자750 닉네임', 'https://example.com/profile750.jpg', 1),
       (751, 'user751@example.com', '사용자751 닉네임', 'https://example.com/profile751.jpg', 1),
       (752, 'user752@example.com', '사용자752 닉네임', 'https://example.com/profile752.jpg', 1),
       (753, 'user753@example.com', '사용자753 닉네임', 'https://example.com/profile753.jpg', 1),
       (754, 'user754@example.com', '사용자754 닉네임', 'https://example.com/profile754.jpg', 1),
       (755, 'user755@example.com', '사용자755 닉네임', 'https://example.com/profile755.jpg', 1),
       (756, 'user756@example.com', '사용자756 닉네임', 'https://example.com/profile756.jpg', 1),
       (757, 'user757@example.com', '사용자757 닉네임', 'https://example.com/profile757.jpg', 1),
       (758, 'user758@example.com', '사용자758 닉네임', 'https://example.com/profile758.jpg', 1),
       (759, 'user759@example.com', '사용자759 닉네임', 'https://example.com/profile759.jpg', 1),
       (760, 'user760@example.com', '사용자760 닉네임', 'https://example.com/profile760.jpg', 1),
       (761, 'user761@example.com', '사용자761 닉네임', 'https://example.com/profile761.jpg', 1),
       (762, 'user762@example.com', '사용자762 닉네임', 'https://example.com/profile762.jpg', 1),
       (763, 'user763@example.com', '사용자763 닉네임', 'https://example.com/profile763.jpg', 1),
       (764, 'user764@example.com', '사용자764 닉네임', 'https://example.com/profile764.jpg', 1),
       (765, 'user765@example.com', '사용자765 닉네임', 'https://example.com/profile765.jpg', 1),
       (766, 'user766@example.com', '사용자766 닉네임', 'https://example.com/profile766.jpg', 1),
       (767, 'user767@example.com', '사용자767 닉네임', 'https://example.com/profile767.jpg', 1),
       (768, 'user768@example.com', '사용자768 닉네임', 'https://example.com/profile768.jpg', 1),
       (769, 'user769@example.com', '사용자769 닉네임', 'https://example.com/profile769.jpg', 1),
       (770, 'user770@example.com', '사용자770 닉네임', 'https://example.com/profile770.jpg', 1),
       (771, 'user771@example.com', '사용자771 닉네임', 'https://example.com/profile771.jpg', 1),
       (772, 'user772@example.com', '사용자772 닉네임', 'https://example.com/profile772.jpg', 1),
       (773, 'user773@example.com', '사용자773 닉네임', 'https://example.com/profile773.jpg', 1),
       (774, 'user774@example.com', '사용자774 닉네임', 'https://example.com/profile774.jpg', 1),
       (775, 'user775@example.com', '사용자775 닉네임', 'https://example.com/profile775.jpg', 1),
       (776, 'user776@example.com', '사용자776 닉네임', 'https://example.com/profile776.jpg', 1),
       (777, 'user777@example.com', '사용자777 닉네임', 'https://example.com/profile777.jpg', 1),
       (778, 'user778@example.com', '사용자778 닉네임', 'https://example.com/profile778.jpg', 1),
       (779, 'user779@example.com', '사용자779 닉네임', 'https://example.com/profile779.jpg', 1),
       (780, 'user780@example.com', '사용자780 닉네임', 'https://example.com/profile780.jpg', 1),
       (781, 'user781@example.com', '사용자781 닉네임', 'https://example.com/profile781.jpg', 1),
       (782, 'user782@example.com', '사용자782 닉네임', 'https://example.com/profile782.jpg', 1),
       (783, 'user783@example.com', '사용자783 닉네임', 'https://example.com/profile783.jpg', 1),
       (784, 'user784@example.com', '사용자784 닉네임', 'https://example.com/profile784.jpg', 1),
       (785, 'user785@example.com', '사용자785 닉네임', 'https://example.com/profile785.jpg', 1),
       (786, 'user786@example.com', '사용자786 닉네임', 'https://example.com/profile786.jpg', 1),
       (787, 'user787@example.com', '사용자787 닉네임', 'https://example.com/profile787.jpg', 1),
       (788, 'user788@example.com', '사용자788 닉네임', 'https://example.com/profile788.jpg', 1),
       (789, 'user789@example.com', '사용자789 닉네임', 'https://example.com/profile789.jpg', 1),
       (790, 'user790@example.com', '사용자790 닉네임', 'https://example.com/profile790.jpg', 1),
       (791, 'user791@example.com', '사용자791 닉네임', 'https://example.com/profile791.jpg', 1),
       (792, 'user792@example.com', '사용자792 닉네임', 'https://example.com/profile792.jpg', 1),
       (793, 'user793@example.com', '사용자793 닉네임', 'https://example.com/profile793.jpg', 1),
       (794, 'user794@example.com', '사용자794 닉네임', 'https://example.com/profile794.jpg', 1),
       (795, 'user795@example.com', '사용자795 닉네임', 'https://example.com/profile795.jpg', 1),
       (796, 'user796@example.com', '사용자796 닉네임', 'https://example.com/profile796.jpg', 1),
       (797, 'user797@example.com', '사용자797 닉네임', 'https://example.com/profile797.jpg', 1),
       (798, 'user798@example.com', '사용자798 닉네임', 'https://example.com/profile798.jpg', 1),
       (799, 'user799@example.com', '사용자799 닉네임', 'https://example.com/profile799.jpg', 1),
       (800, 'user800@example.com', '사용자800 닉네임', 'https://example.com/profile800.jpg', 1),
       (801, 'user801@example.com', '사용자801 닉네임', 'https://example.com/profile801.jpg', 1),
       (802, 'user802@example.com', '사용자802 닉네임', 'https://example.com/profile802.jpg', 1),
       (803, 'user803@example.com', '사용자803 닉네임', 'https://example.com/profile803.jpg', 1),
       (804, 'user804@example.com', '사용자804 닉네임', 'https://example.com/profile804.jpg', 1),
       (805, 'user805@example.com', '사용자805 닉네임', 'https://example.com/profile805.jpg', 1),
       (806, 'user806@example.com', '사용자806 닉네임', 'https://example.com/profile806.jpg', 1),
       (807, 'user807@example.com', '사용자807 닉네임', 'https://example.com/profile807.jpg', 1),
       (808, 'user808@example.com', '사용자808 닉네임', 'https://example.com/profile808.jpg', 1),
       (809, 'user809@example.com', '사용자809 닉네임', 'https://example.com/profile809.jpg', 1),
       (810, 'user810@example.com', '사용자810 닉네임', 'https://example.com/profile810.jpg', 1),
       (811, 'user811@example.com', '사용자811 닉네임', 'https://example.com/profile811.jpg', 1),
       (812, 'user812@example.com', '사용자812 닉네임', 'https://example.com/profile812.jpg', 1),
       (813, 'user813@example.com', '사용자813 닉네임', 'https://example.com/profile813.jpg', 1),
       (814, 'user814@example.com', '사용자814 닉네임', 'https://example.com/profile814.jpg', 1),
       (815, 'user815@example.com', '사용자815 닉네임', 'https://example.com/profile815.jpg', 1),
       (816, 'user816@example.com', '사용자816 닉네임', 'https://example.com/profile816.jpg', 1),
       (817, 'user817@example.com', '사용자817 닉네임', 'https://example.com/profile817.jpg', 1),
       (818, 'user818@example.com', '사용자818 닉네임', 'https://example.com/profile818.jpg', 1),
       (819, 'user819@example.com', '사용자819 닉네임', 'https://example.com/profile819.jpg', 1),
       (820, 'user820@example.com', '사용자820 닉네임', 'https://example.com/profile820.jpg', 1),
       (821, 'user821@example.com', '사용자821 닉네임', 'https://example.com/profile821.jpg', 1),
       (822, 'user822@example.com', '사용자822 닉네임', 'https://example.com/profile822.jpg', 1),
       (823, 'user823@example.com', '사용자823 닉네임', 'https://example.com/profile823.jpg', 1),
       (824, 'user824@example.com', '사용자824 닉네임', 'https://example.com/profile824.jpg', 1),
       (825, 'user825@example.com', '사용자825 닉네임', 'https://example.com/profile825.jpg', 1),
       (826, 'user826@example.com', '사용자826 닉네임', 'https://example.com/profile826.jpg', 1),
       (827, 'user827@example.com', '사용자827 닉네임', 'https://example.com/profile827.jpg', 1),
       (828, 'user828@example.com', '사용자828 닉네임', 'https://example.com/profile828.jpg', 1),
       (829, 'user829@example.com', '사용자829 닉네임', 'https://example.com/profile829.jpg', 1),
       (830, 'user830@example.com', '사용자830 닉네임', 'https://example.com/profile830.jpg', 1),
       (831, 'user831@example.com', '사용자831 닉네임', 'https://example.com/profile831.jpg', 1),
       (832, 'user832@example.com', '사용자832 닉네임', 'https://example.com/profile832.jpg', 1),
       (833, 'user833@example.com', '사용자833 닉네임', 'https://example.com/profile833.jpg', 1),
       (834, 'user834@example.com', '사용자834 닉네임', 'https://example.com/profile834.jpg', 1),
       (835, 'user835@example.com', '사용자835 닉네임', 'https://example.com/profile835.jpg', 1),
       (836, 'user836@example.com', '사용자836 닉네임', 'https://example.com/profile836.jpg', 1),
       (837, 'user837@example.com', '사용자837 닉네임', 'https://example.com/profile837.jpg', 1),
       (838, 'user838@example.com', '사용자838 닉네임', 'https://example.com/profile838.jpg', 1),
       (839, 'user839@example.com', '사용자839 닉네임', 'https://example.com/profile839.jpg', 1),
       (840, 'user840@example.com', '사용자840 닉네임', 'https://example.com/profile840.jpg', 1),
       (841, 'user841@example.com', '사용자841 닉네임', 'https://example.com/profile841.jpg', 1),
       (842, 'user842@example.com', '사용자842 닉네임', 'https://example.com/profile842.jpg', 1),
       (843, 'user843@example.com', '사용자843 닉네임', 'https://example.com/profile843.jpg', 1),
       (844, 'user844@example.com', '사용자844 닉네임', 'https://example.com/profile844.jpg', 1),
       (845, 'user845@example.com', '사용자845 닉네임', 'https://example.com/profile845.jpg', 1),
       (846, 'user846@example.com', '사용자846 닉네임', 'https://example.com/profile846.jpg', 1),
       (847, 'user847@example.com', '사용자847 닉네임', 'https://example.com/profile847.jpg', 1),
       (848, 'user848@example.com', '사용자848 닉네임', 'https://example.com/profile848.jpg', 1),
       (849, 'user849@example.com', '사용자849 닉네임', 'https://example.com/profile849.jpg', 1),
       (850, 'user850@example.com', '사용자850 닉네임', 'https://example.com/profile850.jpg', 1),
       (851, 'user851@example.com', '사용자851 닉네임', 'https://example.com/profile851.jpg', 1),
       (852, 'user852@example.com', '사용자852 닉네임', 'https://example.com/profile852.jpg', 1),
       (853, 'user853@example.com', '사용자853 닉네임', 'https://example.com/profile853.jpg', 1),
       (854, 'user854@example.com', '사용자854 닉네임', 'https://example.com/profile854.jpg', 1),
       (855, 'user855@example.com', '사용자855 닉네임', 'https://example.com/profile855.jpg', 1),
       (856, 'user856@example.com', '사용자856 닉네임', 'https://example.com/profile856.jpg', 1),
       (857, 'user857@example.com', '사용자857 닉네임', 'https://example.com/profile857.jpg', 1),
       (858, 'user858@example.com', '사용자858 닉네임', 'https://example.com/profile858.jpg', 1),
       (859, 'user859@example.com', '사용자859 닉네임', 'https://example.com/profile859.jpg', 1),
       (860, 'user860@example.com', '사용자860 닉네임', 'https://example.com/profile860.jpg', 1),
       (861, 'user861@example.com', '사용자861 닉네임', 'https://example.com/profile861.jpg', 1),
       (862, 'user862@example.com', '사용자862 닉네임', 'https://example.com/profile862.jpg', 1),
       (863, 'user863@example.com', '사용자863 닉네임', 'https://example.com/profile863.jpg', 1),
       (864, 'user864@example.com', '사용자864 닉네임', 'https://example.com/profile864.jpg', 1),
       (865, 'user865@example.com', '사용자865 닉네임', 'https://example.com/profile865.jpg', 1),
       (866, 'user866@example.com', '사용자866 닉네임', 'https://example.com/profile866.jpg', 1),
       (867, 'user867@example.com', '사용자867 닉네임', 'https://example.com/profile867.jpg', 1),
       (868, 'user868@example.com', '사용자868 닉네임', 'https://example.com/profile868.jpg', 1),
       (869, 'user869@example.com', '사용자869 닉네임', 'https://example.com/profile869.jpg', 1),
       (870, 'user870@example.com', '사용자870 닉네임', 'https://example.com/profile870.jpg', 1),
       (871, 'user871@example.com', '사용자871 닉네임', 'https://example.com/profile871.jpg', 1),
       (872, 'user872@example.com', '사용자872 닉네임', 'https://example.com/profile872.jpg', 1),
       (873, 'user873@example.com', '사용자873 닉네임', 'https://example.com/profile873.jpg', 1),
       (874, 'user874@example.com', '사용자874 닉네임', 'https://example.com/profile874.jpg', 1),
       (875, 'user875@example.com', '사용자875 닉네임', 'https://example.com/profile875.jpg', 1),
       (876, 'user876@example.com', '사용자876 닉네임', 'https://example.com/profile876.jpg', 1),
       (877, 'user877@example.com', '사용자877 닉네임', 'https://example.com/profile877.jpg', 1),
       (878, 'user878@example.com', '사용자878 닉네임', 'https://example.com/profile878.jpg', 1),
       (879, 'user879@example.com', '사용자879 닉네임', 'https://example.com/profile879.jpg', 1),
       (880, 'user880@example.com', '사용자880 닉네임', 'https://example.com/profile880.jpg', 1),
       (881, 'user881@example.com', '사용자881 닉네임', 'https://example.com/profile881.jpg', 1),
       (882, 'user882@example.com', '사용자882 닉네임', 'https://example.com/profile882.jpg', 1),
       (883, 'user883@example.com', '사용자883 닉네임', 'https://example.com/profile883.jpg', 1),
       (884, 'user884@example.com', '사용자884 닉네임', 'https://example.com/profile884.jpg', 1),
       (885, 'user885@example.com', '사용자885 닉네임', 'https://example.com/profile885.jpg', 1),
       (886, 'user886@example.com', '사용자886 닉네임', 'https://example.com/profile886.jpg', 1),
       (887, 'user887@example.com', '사용자887 닉네임', 'https://example.com/profile887.jpg', 1),
       (888, 'user888@example.com', '사용자888 닉네임', 'https://example.com/profile888.jpg', 1),
       (889, 'user889@example.com', '사용자889 닉네임', 'https://example.com/profile889.jpg', 1),
       (890, 'user890@example.com', '사용자890 닉네임', 'https://example.com/profile890.jpg', 1),
       (891, 'user891@example.com', '사용자891 닉네임', 'https://example.com/profile891.jpg', 1),
       (892, 'user892@example.com', '사용자892 닉네임', 'https://example.com/profile892.jpg', 1),
       (893, 'user893@example.com', '사용자893 닉네임', 'https://example.com/profile893.jpg', 1),
       (894, 'user894@example.com', '사용자894 닉네임', 'https://example.com/profile894.jpg', 1),
       (895, 'user895@example.com', '사용자895 닉네임', 'https://example.com/profile895.jpg', 1),
       (896, 'user896@example.com', '사용자896 닉네임', 'https://example.com/profile896.jpg', 1),
       (897, 'user897@example.com', '사용자897 닉네임', 'https://example.com/profile897.jpg', 1),
       (898, 'user898@example.com', '사용자898 닉네임', 'https://example.com/profile898.jpg', 1),
       (899, 'user899@example.com', '사용자899 닉네임', 'https://example.com/profile899.jpg', 1),
       (900, 'user900@example.com', '사용자900 닉네임', 'https://example.com/profile900.jpg', 1),
       (901, 'user901@example.com', '사용자901 닉네임', 'https://example.com/profile901.jpg', 1),
       (902, 'user902@example.com', '사용자902 닉네임', 'https://example.com/profile902.jpg', 1),
       (903, 'user903@example.com', '사용자903 닉네임', 'https://example.com/profile903.jpg', 1),
       (904, 'user904@example.com', '사용자904 닉네임', 'https://example.com/profile904.jpg', 1),
       (905, 'user905@example.com', '사용자905 닉네임', 'https://example.com/profile905.jpg', 1),
       (906, 'user906@example.com', '사용자906 닉네임', 'https://example.com/profile906.jpg', 1),
       (907, 'user907@example.com', '사용자907 닉네임', 'https://example.com/profile907.jpg', 1),
       (908, 'user908@example.com', '사용자908 닉네임', 'https://example.com/profile908.jpg', 1),
       (909, 'user909@example.com', '사용자909 닉네임', 'https://example.com/profile909.jpg', 1),
       (910, 'user910@example.com', '사용자910 닉네임', 'https://example.com/profile910.jpg', 1),
       (911, 'user911@example.com', '사용자911 닉네임', 'https://example.com/profile911.jpg', 1),
       (912, 'user912@example.com', '사용자912 닉네임', 'https://example.com/profile912.jpg', 1),
       (913, 'user913@example.com', '사용자913 닉네임', 'https://example.com/profile913.jpg', 1),
       (914, 'user914@example.com', '사용자914 닉네임', 'https://example.com/profile914.jpg', 1),
       (915, 'user915@example.com', '사용자915 닉네임', 'https://example.com/profile915.jpg', 1),
       (916, 'user916@example.com', '사용자916 닉네임', 'https://example.com/profile916.jpg', 1),
       (917, 'user917@example.com', '사용자917 닉네임', 'https://example.com/profile917.jpg', 1),
       (918, 'user918@example.com', '사용자918 닉네임', 'https://example.com/profile918.jpg', 1),
       (919, 'user919@example.com', '사용자919 닉네임', 'https://example.com/profile919.jpg', 1),
       (920, 'user920@example.com', '사용자920 닉네임', 'https://example.com/profile920.jpg', 1),
       (921, 'user921@example.com', '사용자921 닉네임', 'https://example.com/profile921.jpg', 1),
       (922, 'user922@example.com', '사용자922 닉네임', 'https://example.com/profile922.jpg', 1),
       (923, 'user923@example.com', '사용자923 닉네임', 'https://example.com/profile923.jpg', 1),
       (924, 'user924@example.com', '사용자924 닉네임', 'https://example.com/profile924.jpg', 1),
       (925, 'user925@example.com', '사용자925 닉네임', 'https://example.com/profile925.jpg', 1),
       (926, 'user926@example.com', '사용자926 닉네임', 'https://example.com/profile926.jpg', 1),
       (927, 'user927@example.com', '사용자927 닉네임', 'https://example.com/profile927.jpg', 1),
       (928, 'user928@example.com', '사용자928 닉네임', 'https://example.com/profile928.jpg', 1),
       (929, 'user929@example.com', '사용자929 닉네임', 'https://example.com/profile929.jpg', 1),
       (930, 'user930@example.com', '사용자930 닉네임', 'https://example.com/profile930.jpg', 1),
       (931, 'user931@example.com', '사용자931 닉네임', 'https://example.com/profile931.jpg', 1),
       (932, 'user932@example.com', '사용자932 닉네임', 'https://example.com/profile932.jpg', 1),
       (933, 'user933@example.com', '사용자933 닉네임', 'https://example.com/profile933.jpg', 1),
       (934, 'user934@example.com', '사용자934 닉네임', 'https://example.com/profile934.jpg', 1),
       (935, 'user935@example.com', '사용자935 닉네임', 'https://example.com/profile935.jpg', 1),
       (936, 'user936@example.com', '사용자936 닉네임', 'https://example.com/profile936.jpg', 1),
       (937, 'user937@example.com', '사용자937 닉네임', 'https://example.com/profile937.jpg', 1),
       (938, 'user938@example.com', '사용자938 닉네임', 'https://example.com/profile938.jpg', 1),
       (939, 'user939@example.com', '사용자939 닉네임', 'https://example.com/profile939.jpg', 1),
       (940, 'user940@example.com', '사용자940 닉네임', 'https://example.com/profile940.jpg', 1),
       (941, 'user941@example.com', '사용자941 닉네임', 'https://example.com/profile941.jpg', 1),
       (942, 'user942@example.com', '사용자942 닉네임', 'https://example.com/profile942.jpg', 1),
       (943, 'user943@example.com', '사용자943 닉네임', 'https://example.com/profile943.jpg', 1),
       (944, 'user944@example.com', '사용자944 닉네임', 'https://example.com/profile944.jpg', 1),
       (945, 'user945@example.com', '사용자945 닉네임', 'https://example.com/profile945.jpg', 1),
       (946, 'user946@example.com', '사용자946 닉네임', 'https://example.com/profile946.jpg', 1),
       (947, 'user947@example.com', '사용자947 닉네임', 'https://example.com/profile947.jpg', 1),
       (948, 'user948@example.com', '사용자948 닉네임', 'https://example.com/profile948.jpg', 1),
       (949, 'user949@example.com', '사용자949 닉네임', 'https://example.com/profile949.jpg', 1),
       (950, 'user950@example.com', '사용자950 닉네임', 'https://example.com/profile950.jpg', 1),
       (951, 'user951@example.com', '사용자951 닉네임', 'https://example.com/profile951.jpg', 1),
       (952, 'user952@example.com', '사용자952 닉네임', 'https://example.com/profile952.jpg', 1),
       (953, 'user953@example.com', '사용자953 닉네임', 'https://example.com/profile953.jpg', 1),
       (954, 'user954@example.com', '사용자954 닉네임', 'https://example.com/profile954.jpg', 1),
       (955, 'user955@example.com', '사용자955 닉네임', 'https://example.com/profile955.jpg', 1),
       (956, 'user956@example.com', '사용자956 닉네임', 'https://example.com/profile956.jpg', 1),
       (957, 'user957@example.com', '사용자957 닉네임', 'https://example.com/profile957.jpg', 1),
       (958, 'user958@example.com', '사용자958 닉네임', 'https://example.com/profile958.jpg', 1),
       (959, 'user959@example.com', '사용자959 닉네임', 'https://example.com/profile959.jpg', 1),
       (960, 'user960@example.com', '사용자960 닉네임', 'https://example.com/profile960.jpg', 1),
       (961, 'user961@example.com', '사용자961 닉네임', 'https://example.com/profile961.jpg', 1),
       (962, 'user962@example.com', '사용자962 닉네임', 'https://example.com/profile962.jpg', 1),
       (963, 'user963@example.com', '사용자963 닉네임', 'https://example.com/profile963.jpg', 1),
       (964, 'user964@example.com', '사용자964 닉네임', 'https://example.com/profile964.jpg', 1),
       (965, 'user965@example.com', '사용자965 닉네임', 'https://example.com/profile965.jpg', 1),
       (966, 'user966@example.com', '사용자966 닉네임', 'https://example.com/profile966.jpg', 1),
       (967, 'user967@example.com', '사용자967 닉네임', 'https://example.com/profile967.jpg', 1),
       (968, 'user968@example.com', '사용자968 닉네임', 'https://example.com/profile968.jpg', 1),
       (969, 'user969@example.com', '사용자969 닉네임', 'https://example.com/profile969.jpg', 1),
       (970, 'user970@example.com', '사용자970 닉네임', 'https://example.com/profile970.jpg', 1),
       (971, 'user971@example.com', '사용자971 닉네임', 'https://example.com/profile971.jpg', 1),
       (972, 'user972@example.com', '사용자972 닉네임', 'https://example.com/profile972.jpg', 1),
       (973, 'user973@example.com', '사용자973 닉네임', 'https://example.com/profile973.jpg', 1),
       (974, 'user974@example.com', '사용자974 닉네임', 'https://example.com/profile974.jpg', 1),
       (975, 'user975@example.com', '사용자975 닉네임', 'https://example.com/profile975.jpg', 1),
       (976, 'user976@example.com', '사용자976 닉네임', 'https://example.com/profile976.jpg', 1),
       (977, 'user977@example.com', '사용자977 닉네임', 'https://example.com/profile977.jpg', 1),
       (978, 'user978@example.com', '사용자978 닉네임', 'https://example.com/profile978.jpg', 1),
       (979, 'user979@example.com', '사용자979 닉네임', 'https://example.com/profile979.jpg', 1),
       (980, 'user980@example.com', '사용자980 닉네임', 'https://example.com/profile980.jpg', 1),
       (981, 'user981@example.com', '사용자981 닉네임', 'https://example.com/profile981.jpg', 1),
       (982, 'user982@example.com', '사용자982 닉네임', 'https://example.com/profile982.jpg', 1),
       (983, 'user983@example.com', '사용자983 닉네임', 'https://example.com/profile983.jpg', 1),
       (984, 'user984@example.com', '사용자984 닉네임', 'https://example.com/profile984.jpg', 1),
       (985, 'user985@example.com', '사용자985 닉네임', 'https://example.com/profile985.jpg', 1),
       (986, 'user986@example.com', '사용자986 닉네임', 'https://example.com/profile986.jpg', 1),
       (987, 'user987@example.com', '사용자987 닉네임', 'https://example.com/profile987.jpg', 1),
       (988, 'user988@example.com', '사용자988 닉네임', 'https://example.com/profile988.jpg', 1),
       (989, 'user989@example.com', '사용자989 닉네임', 'https://example.com/profile989.jpg', 1),
       (990, 'user990@example.com', '사용자990 닉네임', 'https://example.com/profile990.jpg', 1),
       (991, 'user991@example.com', '사용자991 닉네임', 'https://example.com/profile991.jpg', 1),
       (992, 'user992@example.com', '사용자992 닉네임', 'https://example.com/profile992.jpg', 1),
       (993, 'user993@example.com', '사용자993 닉네임', 'https://example.com/profile993.jpg', 1),
       (994, 'user994@example.com', '사용자994 닉네임', 'https://example.com/profile994.jpg', 1),
       (995, 'user995@example.com', '사용자995 닉네임', 'https://example.com/profile995.jpg', 1),
       (996, 'user996@example.com', '사용자996 닉네임', 'https://example.com/profile996.jpg', 1),
       (997, 'user997@example.com', '사용자997 닉네임', 'https://example.com/profile997.jpg', 1),
       (998, 'user998@example.com', '사용자998 닉네임', 'https://example.com/profile998.jpg', 1),
       (999, 'user999@example.com', '사용자999 닉네임', 'https://example.com/profile999.jpg', 1),
       (1000, 'user1000@example.com', '사용자1000 닉네임', 'https://example.com/profile1000.jpg', 1),
       (1001, 'user1000@example.com', '사용자1000 닉네임', 'https://example.com/profile1000.jpg', 1);


--- USER_ROLES TABLE DATA
INSERT INTO USER_ROLES (USER_USER_ID, ROLES)
VALUES (1, 'ROLE_ADMIN'),
       (2, 'ROLE_USER'),
       (3, 'ROLE_USER'),
       (4, 'ROLE_USER'),
       (5, 'ROLE_USER');


--- MESSAGE_ROOM TABLE DATA
INSERT INTO MESSAGE_ROOM (MESSAGE_ROOM_ID, LAST_MESSAGE, LAST_SENDER_ID, MESSAGE_ROOM_STATUS,
                          RECEIVER_ID, SENDER_ID)
VALUES (1, 'Hello', 1, 'UNCHECK', 1, 2),
       (2, '안녕하세요', 3, 'UNCHECK', 3, 4),
       (3, 'Hi there!', 5, 'CHECK', 5, 1);

--- MESSAGE TABLE DATA
INSERT INTO MESSAGE (MESSAGE_ID, CONTENT, MESSAGE_ROOM_MESSAGE_ROOM_ID, RECEIVER_USER_ID,
                     SENDER_USER_ID)
VALUES (1, '안녕하세요', 1, 1, 2),
       (2, '안녕하세요, 어떻게 지내세요?', 1, 2, 1),
       (3, '안녕하세요! 저도 잘 지내고 있어요.', 1, 1, 2),

       (4, '안녕하세요', 2, 3, 4),
       (5, '안녕하세요, 어떻게 지내세요?', 2, 4, 3),
       (6, '안녕하세요! 저도 잘 지내고 있어요.', 2, 3, 4),

       (7, '안녕하세요', 3, 1, 5),
       (8, '안녕하세요, 어떻게 지내세요?', 3, 5, 1),
       (9, '안녕하세요! 저도 잘 지내고 있어요.', 3, 1, 5);


--- POST TABLE DATA
INSERT INTO POST (POST_ID, CONTENT, TITLE, VIEWS, HOUSE_INFO_ID, USER_ID)
VALUES (1, '포스트 내용', '포스트 제목', 12, 1, 1),
       (2, '두 번째 포스트 내용', '두 번째 포스트 제목', 8, 1, 2),
       (3, '세 번째 포스트 내용', '세 번째 포스트 제목', 15, 2, 3),
       (4, '네 번째 포스트 내용', '네 번째 포스트 제목', 10, 2, 4),
       (5, '다섯 번째 포스트 내용', '다섯 번째 포스트 제목', 20, 3, 5),
       (6, '포스트 내용', '포스트 제목', 12, 3, 1),
       (7, '두 번째 포스트 내용', '두 번째 포스트 제목', 8, 4, 2),
       (8, '세 번째 포스트 내용', '세 번째 포스트 제목', 15, 4, 3),
       (9, '네 번째 포스트 내용', '네 번째 포스트 제목', 10, 5, 4),
       (10, '다섯 번째 포스트 내용', '다섯 번째 포스트 제목', 20, 5, 5),
       (11, '포스트 내용', '포스트 제목', 12, 6, 1),
       (12, '두 번째 포스트 내용', '두 번째 포스트 제목', 8, 6, 2),
       (13, '세 번째 포스트 내용', '세 번째 포스트 제목', 15, 7, 3),
       (14, '네 번째 포스트 내용', '네 번째 포스트 제목', 10, 7, 4),
       (15, '다섯 번째 포스트 내용', '다섯 번째 포스트 제목', 20, 8, 5),
       (16, '포스트 내용', '포스트 제목', 12, 8, 1),
       (17, '두 번째 포스트 내용', '두 번째 포스트 제목', 8, 9, 2),
       (18, '세 번째 포스트 내용', '세 번째 포스트 제목', 15, 10, 3),
       (19, '네 번째 포스트 내용', '네 번째 포스트 제목', 10, 11, 4),
       (20, '다섯 번째 포스트 내용', '다섯 번째 포스트 제목', 20, 12, 5),
       (21, '포스트 내용', '포스트 제목', 12, 1, 1),
       (22, '두 번째 포스트 내용', '두 번째 포스트 제목', 8, 1, 2),
       (23, '세 번째 포스트 내용', '세 번째 포스트 제목', 15, 2, 3),
       (24, '네 번째 포스트 내용', '네 번째 포스트 제목', 10, 2, 4),
       (25, '다섯 번째 포스트 내용', '다섯 번째 포스트 제목', 20, 3, 5),
       (26, '포스트 내용', '포스트 제목', 12, 3, 1),
       (27, '두 번째 포스트 내용', '두 번째 포스트 제목', 8, 4, 2),
       (28, '세 번째 포스트 내용', '세 번째 포스트 제목', 15, 4, 3),
       (29, '네 번째 포스트 내용', '네 번째 포스트 제목', 10, 5, 4),
       (30, '다섯 번째 포스트 내용', '다섯 번째 포스트 제목', 20, 5, 5),
       (31, '포스트 내용', '포스트 제목', 12, 6, 1),
       (32, '두 번째 포스트 내용', '두 번째 포스트 제목', 8, 6, 2),
       (33, '세 번째 포스트 내용', '세 번째 포스트 제목', 15, 7, 3),
       (34, '네 번째 포스트 내용', '네 번째 포스트 제목', 10, 7, 4),
       (35, '다섯 번째 포스트 내용', '다섯 번째 포스트 제목', 20, 8, 5),
       (36, '포스트 내용', '포스트 제목', 12, 8, 1),
       (37, '두 번째 포스트 내용', '두 번째 포스트 제목', 8, 9, 2),
       (38, '세 번째 포스트 내용', '세 번째 포스트 제목', 15, 10, 3),
       (39, '네 번째 포스트 내용', '네 번째 포스트 제목', 10, 11, 4),
       (40, '다섯 번째 포스트 내용', '다섯 번째 포스트 제목', 20, 12, 5),
       (41, '포스트 내용', '포스트 제목', 12, 1, 1),
       (42, '두 번째 포스트 내용', '두 번째 포스트 제목', 8, 1, 2),
       (43, '세 번째 포스트 내용', '세 번째 포스트 제목', 15, 2, 3),
       (44, '네 번째 포스트 내용', '네 번째 포스트 제목', 10, 2, 4),
       (45, '다섯 번째 포스트 내용', '다섯 번째 포스트 제목', 20, 3, 5),
       (46, '포스트 내용', '포스트 제목', 12, 3, 1),
       (47, '두 번째 포스트 내용', '두 번째 포스트 제목', 8, 4, 2),
       (48, '세 번째 포스트 내용', '세 번째 포스트 제목', 15, 4, 3),
       (49, '네 번째 포스트 내용', '네 번째 포스트 제목', 10, 5, 4),
       (50, '다섯 번째 포스트 내용', '다섯 번째 포스트 제목', 20, 5, 5),
       (51, '포스트 내용', '포스트 제목', 12, 6, 1),
       (52, '두 번째 포스트 내용', '두 번째 포스트 제목', 8, 6, 2),
       (53, '세 번째 포스트 내용', '세 번째 포스트 제목', 15, 7, 3),
       (54, '네 번째 포스트 내용', '네 번째 포스트 제목', 10, 7, 4),
       (55, '다섯 번째 포스트 내용', '다섯 번째 포스트 제목', 20, 8, 5),
       (56, '포스트 내용', '포스트 제목', 12, 8, 1),
       (57, '두 번째 포스트 내용', '두 번째 포스트 제목', 8, 9, 2),
       (58, '세 번째 포스트 내용', '세 번째 포스트 제목', 15, 10, 3),
       (59, '네 번째 포스트 내용', '네 번째 포스트 제목', 10, 11, 4),
       (60, '다섯 번째 포스트 내용', '다섯 번째 포스트 제목', 20, 12, 5),
       (61, '포스트 내용', '포스트 제목', 12, 1, 1),
       (62, '두 번째 포스트 내용', '두 번째 포스트 제목', 8, 1, 2),
       (63, '세 번째 포스트 내용', '세 번째 포스트 제목', 15, 2, 3),
       (64, '네 번째 포스트 내용', '네 번째 포스트 제목', 10, 2, 4),
       (65, '다섯 번째 포스트 내용', '다섯 번째 포스트 제목', 20, 3, 5),
       (66, '포스트 내용', '포스트 제목', 12, 3, 1),
       (67, '두 번째 포스트 내용', '두 번째 포스트 제목', 8, 4, 2),
       (68, '세 번째 포스트 내용', '세 번째 포스트 제목', 15, 4, 3),
       (69, '네 번째 포스트 내용', '네 번째 포스트 제목', 10, 5, 4),
       (70, '다섯 번째 포스트 내용', '다섯 번째 포스트 제목', 20, 5, 5),
       (71, '포스트 내용', '포스트 제목', 12, 6, 1),
       (72, '두 번째 포스트 내용', '두 번째 포스트 제목', 8, 6, 2),
       (73, '세 번째 포스트 내용', '세 번째 포스트 제목', 15, 7, 3),
       (74, '네 번째 포스트 내용', '네 번째 포스트 제목', 10, 7, 4),
       (75, '다섯 번째 포스트 내용', '다섯 번째 포스트 제목', 20, 8, 5),
       (76, '포스트 내용', '포스트 제목', 12, 8, 1),
       (77, '두 번째 포스트 내용', '두 번째 포스트 제목', 8, 9, 2),
       (78, '세 번째 포스트 내용', '세 번째 포스트 제목', 15, 10, 3),
       (79, '네 번째 포스트 내용', '네 번째 포스트 제목', 10, 11, 4),
       (80, '다섯 번째 포스트 내용', '다섯 번째 포스트 제목', 20, 12, 5),
       (81, '포스트 내용', '포스트 제목', 12, 1, 1),
       (82, '두 번째 포스트 내용', '두 번째 포스트 제목', 8, 1, 2),
       (83, '세 번째 포스트 내용', '세 번째 포스트 제목', 15, 2, 3),
       (84, '네 번째 포스트 내용', '네 번째 포스트 제목', 10, 2, 4),
       (85, '다섯 번째 포스트 내용', '다섯 번째 포스트 제목', 20, 3, 5),
       (86, '포스트 내용', '포스트 제목', 12, 3, 1),
       (87, '두 번째 포스트 내용', '두 번째 포스트 제목', 8, 4, 2),
       (88, '세 번째 포스트 내용', '세 번째 포스트 제목', 15, 4, 3),
       (89, '네 번째 포스트 내용', '네 번째 포스트 제목', 10, 5, 4),
       (90, '다섯 번째 포스트 내용', '다섯 번째 포스트 제목', 20, 5, 5),
       (91, '포스트 내용', '포스트 제목', 12, 6, 1),
       (92, '두 번째 포스트 내용', '두 번째 포스트 제목', 8, 6, 2),
       (93, '세 번째 포스트 내용', '세 번째 포스트 제목', 15, 7, 3),
       (94, '네 번째 포스트 내용', '네 번째 포스트 제목', 10, 7, 4),
       (95, '다섯 번째 포스트 내용', '다섯 번째 포스트 제목', 20, 8, 5),
       (96, '포스트 내용', '포스트 제목', 12, 8, 1),
       (97, '두 번째 포스트 내용', '두 번째 포스트 제목', 8, 9, 2),
       (98, '세 번째 포스트 내용', '세 번째 포스트 제목', 15, 10, 3),
       (99, '네 번째 포스트 내용', '네 번째 포스트 제목', 10, 11, 4),
       (100, '다섯 번째 포스트 내용', '다섯 번째 포스트 제목', 20, 12, 5);


--- POST_COMMENT TABLE DATA
INSERT INTO POST_COMMENT (POST_COMMENT_ID, CONTENT, POST_ID, USER_ID)
VALUES (1, '댓글 내용 1', 1, 2),
       (2, '댓글 내용 2', 1, 3),
       (3, '댓글 내용 3', 1, 4),
       (4, '댓글 내용 4', 1, 5),
       (5, '댓글 내용 5', 1, 6),
       (6, '댓글 내용 6', 1, 7),
       (7, '댓글 내용 7', 1, 8),
       (8, '댓글 내용 8', 1, 9),
       (9, '댓글 내용 9', 1, 10),
       (10, '댓글 내용 10', 1, 11),
       (11, '댓글 내용 11', 1, 12),
       (12, '댓글 내용 12', 1, 13),
       (13, '댓글 내용 13', 1, 14),
       (14, '댓글 내용 14', 1, 15),
       (15, '댓글 내용 15', 1, 16),
       (16, '댓글 내용 16', 1, 17),
       (17, '댓글 내용 17', 1, 18),
       (18, '댓글 내용 18', 1, 19),
       (19, '댓글 내용 19', 1, 20),
       (20, '댓글 내용 20', 1, 21),
       (21, '댓글 내용 21', 1, 22),
       (22, '댓글 내용 22', 1, 23),
       (23, '댓글 내용 23', 1, 24),
       (24, '댓글 내용 24', 1, 25),
       (25, '댓글 내용 25', 1, 26),
       (26, '댓글 내용 26', 1, 27),
       (27, '댓글 내용 27', 1, 28),
       (28, '댓글 내용 28', 1, 29),
       (29, '댓글 내용 29', 1, 30),
       (30, '댓글 내용 30', 1, 31),
       (31, '댓글 내용 31', 1, 32),
       (32, '댓글 내용 32', 1, 33),
       (33, '댓글 내용 33', 1, 34),
       (34, '댓글 내용 34', 1, 35),
       (35, '댓글 내용 35', 1, 36),
       (36, '댓글 내용 36', 1, 37),
       (37, '댓글 내용 37', 1, 38),
       (38, '댓글 내용 38', 1, 39),
       (39, '댓글 내용 39', 1, 40),
       (40, '댓글 내용 40', 1, 41),
       (41, '댓글 내용 41', 1, 42),
       (42, '댓글 내용 42', 1, 43),
       (43, '댓글 내용 43', 1, 44),
       (44, '댓글 내용 44', 1, 45),
       (45, '댓글 내용 45', 1, 46),
       (46, '댓글 내용 46', 1, 47),
       (47, '댓글 내용 47', 1, 48),
       (48, '댓글 내용 48', 1, 49),
       (49, '댓글 내용 49', 1, 50),
       (50, '댓글 내용 50', 1, 51),
       (51, '댓글 내용 51', 1, 52),
       (52, '댓글 내용 52', 1, 53),
       (53, '댓글 내용 53', 1, 54),
       (54, '댓글 내용 54', 1, 55),
       (55, '댓글 내용 55', 1, 56),
       (56, '댓글 내용 56', 1, 57),
       (57, '댓글 내용 57', 1, 58),
       (58, '댓글 내용 58', 1, 59),
       (59, '댓글 내용 59', 1, 60),
       (60, '댓글 내용 60', 1, 61),
       (61, '댓글 내용 61', 1, 62),
       (62, '댓글 내용 62', 1, 63),
       (63, '댓글 내용 63', 1, 64),
       (64, '댓글 내용 64', 1, 65),
       (65, '댓글 내용 65', 1, 66),
       (66, '댓글 내용 66', 1, 67),
       (67, '댓글 내용 67', 1, 68),
       (68, '댓글 내용 68', 1, 69),
       (69, '댓글 내용 69', 1, 70),
       (70, '댓글 내용 70', 1, 71),
       (71, '댓글 내용 71', 1, 72),
       (72, '댓글 내용 72', 1, 73),
       (73, '댓글 내용 73', 1, 74),
       (74, '댓글 내용 74', 1, 75),
       (75, '댓글 내용 75', 1, 76),
       (76, '댓글 내용 76', 1, 77),
       (77, '댓글 내용 77', 1, 78),
       (78, '댓글 내용 78', 1, 79),
       (79, '댓글 내용 79', 1, 80),
       (80, '댓글 내용 80', 1, 81),
       (81, '댓글 내용 81', 1, 82),
       (82, '댓글 내용 82', 1, 83),
       (83, '댓글 내용 83', 1, 84),
       (84, '댓글 내용 84', 1, 85),
       (85, '댓글 내용 85', 1, 86),
       (86, '댓글 내용 86', 1, 87),
       (87, '댓글 내용 87', 1, 88),
       (88, '댓글 내용 88', 1, 89),
       (89, '댓글 내용 89', 1, 90),
       (90, '댓글 내용 90', 1, 91),
       (91, '댓글 내용 91', 1, 92),
       (92, '댓글 내용 92', 1, 93),
       (93, '댓글 내용 93', 1, 94),
       (94, '댓글 내용 94', 1, 95),
       (95, '댓글 내용 95', 1, 96),
       (96, '댓글 내용 96', 1, 97),
       (97, '댓글 내용 97', 1, 98),
       (98, '댓글 내용 98', 1, 99),
       (99, '댓글 내용 99', 1, 100),
       (100, '댓글 내용 100', 1, 101),
       (101, '댓글 내용 101', 1, 102),
       (102, '댓글 내용 102', 1, 103),
       (103, '댓글 내용 103', 1, 104),
       (104, '댓글 내용 104', 1, 105),
       (105, '댓글 내용 105', 1, 106),
       (106, '댓글 내용 106', 1, 107),
       (107, '댓글 내용 107', 1, 108),
       (108, '댓글 내용 108', 1, 109),
       (109, '댓글 내용 109', 1, 110),
       (110, '댓글 내용 110', 1, 111),
       (111, '댓글 내용 111', 1, 112),
       (112, '댓글 내용 112', 1, 113),
       (113, '댓글 내용 113', 1, 114),
       (114, '댓글 내용 114', 1, 115),
       (115, '댓글 내용 115', 1, 116),
       (116, '댓글 내용 116', 1, 117),
       (117, '댓글 내용 117', 1, 118),
       (118, '댓글 내용 118', 1, 119),
       (119, '댓글 내용 119', 1, 120),
       (120, '댓글 내용 120', 1, 121),
       (121, '댓글 내용 121', 1, 122),
       (122, '댓글 내용 122', 1, 123),
       (123, '댓글 내용 123', 1, 124),
       (124, '댓글 내용 124', 1, 125),
       (125, '댓글 내용 125', 1, 126),
       (126, '댓글 내용 126', 1, 127),
       (127, '댓글 내용 127', 1, 128),
       (128, '댓글 내용 128', 1, 129),
       (129, '댓글 내용 129', 1, 130),
       (130, '댓글 내용 130', 1, 131),
       (131, '댓글 내용 131', 1, 132),
       (132, '댓글 내용 132', 1, 133),
       (133, '댓글 내용 133', 1, 134),
       (134, '댓글 내용 134', 1, 135),
       (135, '댓글 내용 135', 1, 136),
       (136, '댓글 내용 136', 1, 137),
       (137, '댓글 내용 137', 1, 138),
       (138, '댓글 내용 138', 1, 139),
       (139, '댓글 내용 139', 1, 140),
       (140, '댓글 내용 140', 1, 141),
       (141, '댓글 내용 141', 1, 142),
       (142, '댓글 내용 142', 1, 143),
       (143, '댓글 내용 143', 1, 144),
       (144, '댓글 내용 144', 1, 145),
       (145, '댓글 내용 145', 1, 146),
       (146, '댓글 내용 146', 1, 147),
       (147, '댓글 내용 147', 1, 148),
       (148, '댓글 내용 148', 1, 149),
       (149, '댓글 내용 149', 1, 150),
       (150, '댓글 내용 150', 1, 151),
       (151, '댓글 내용 151', 1, 152),
       (152, '댓글 내용 152', 1, 153),
       (153, '댓글 내용 153', 1, 154),
       (154, '댓글 내용 154', 1, 155),
       (155, '댓글 내용 155', 1, 156),
       (156, '댓글 내용 156', 1, 157),
       (157, '댓글 내용 157', 1, 158),
       (158, '댓글 내용 158', 1, 159),
       (159, '댓글 내용 159', 1, 160),
       (160, '댓글 내용 160', 1, 161),
       (161, '댓글 내용 161', 1, 162),
       (162, '댓글 내용 162', 1, 163),
       (163, '댓글 내용 163', 1, 164),
       (164, '댓글 내용 164', 1, 165),
       (165, '댓글 내용 165', 1, 166),
       (166, '댓글 내용 166', 1, 167),
       (167, '댓글 내용 167', 1, 168),
       (168, '댓글 내용 168', 1, 169),
       (169, '댓글 내용 169', 1, 170),
       (170, '댓글 내용 170', 1, 171),
       (171, '댓글 내용 171', 1, 172),
       (172, '댓글 내용 172', 1, 173),
       (173, '댓글 내용 173', 1, 174),
       (174, '댓글 내용 174', 1, 175),
       (175, '댓글 내용 175', 1, 176),
       (176, '댓글 내용 176', 1, 177),
       (177, '댓글 내용 177', 1, 178),
       (178, '댓글 내용 178', 1, 179),
       (179, '댓글 내용 179', 1, 180),
       (180, '댓글 내용 180', 1, 181),
       (181, '댓글 내용 181', 1, 182),
       (182, '댓글 내용 182', 1, 183),
       (183, '댓글 내용 183', 1, 184),
       (184, '댓글 내용 184', 1, 185),
       (185, '댓글 내용 185', 1, 186),
       (186, '댓글 내용 186', 1, 187),
       (187, '댓글 내용 187', 1, 188),
       (188, '댓글 내용 188', 1, 189),
       (189, '댓글 내용 189', 1, 190),
       (190, '댓글 내용 190', 1, 191),
       (191, '댓글 내용 191', 1, 192),
       (192, '댓글 내용 192', 1, 193),
       (193, '댓글 내용 193', 1, 194),
       (194, '댓글 내용 194', 1, 195),
       (195, '댓글 내용 195', 1, 196),
       (196, '댓글 내용 196', 1, 197),
       (197, '댓글 내용 197', 1, 198),
       (198, '댓글 내용 198', 1, 199),
       (199, '댓글 내용 199', 1, 200),
       (200, '댓글 내용 200', 1, 201),
       (201, '댓글 내용 201', 1, 202),
       (202, '댓글 내용 202', 1, 203),
       (203, '댓글 내용 203', 1, 204),
       (204, '댓글 내용 204', 1, 205),
       (205, '댓글 내용 205', 1, 206),
       (206, '댓글 내용 206', 1, 207),
       (207, '댓글 내용 207', 1, 208),
       (208, '댓글 내용 208', 1, 209),
       (209, '댓글 내용 209', 1, 210),
       (210, '댓글 내용 210', 1, 211),
       (211, '댓글 내용 211', 1, 212),
       (212, '댓글 내용 212', 1, 213),
       (213, '댓글 내용 213', 1, 214),
       (214, '댓글 내용 214', 1, 215),
       (215, '댓글 내용 215', 1, 216),
       (216, '댓글 내용 216', 1, 217),
       (217, '댓글 내용 217', 1, 218),
       (218, '댓글 내용 218', 1, 219),
       (219, '댓글 내용 219', 1, 220),
       (220, '댓글 내용 220', 1, 221),
       (221, '댓글 내용 221', 1, 222),
       (222, '댓글 내용 222', 1, 223),
       (223, '댓글 내용 223', 1, 224),
       (224, '댓글 내용 224', 1, 225),
       (225, '댓글 내용 225', 1, 226),
       (226, '댓글 내용 226', 1, 227),
       (227, '댓글 내용 227', 1, 228),
       (228, '댓글 내용 228', 1, 229),
       (229, '댓글 내용 229', 1, 230),
       (230, '댓글 내용 230', 1, 231),
       (231, '댓글 내용 231', 1, 232),
       (232, '댓글 내용 232', 1, 233),
       (233, '댓글 내용 233', 1, 234),
       (234, '댓글 내용 234', 1, 235),
       (235, '댓글 내용 235', 1, 236),
       (236, '댓글 내용 236', 1, 237),
       (237, '댓글 내용 237', 1, 238),
       (238, '댓글 내용 238', 1, 239),
       (239, '댓글 내용 239', 1, 240),
       (240, '댓글 내용 240', 1, 241),
       (241, '댓글 내용 241', 1, 242),
       (242, '댓글 내용 242', 1, 243),
       (243, '댓글 내용 243', 1, 244),
       (244, '댓글 내용 244', 1, 245),
       (245, '댓글 내용 245', 1, 246),
       (246, '댓글 내용 246', 1, 247),
       (247, '댓글 내용 247', 1, 248),
       (248, '댓글 내용 248', 1, 249),
       (249, '댓글 내용 249', 1, 250),
       (250, '댓글 내용 250', 1, 251),
       (251, '댓글 내용 251', 1, 252),
       (252, '댓글 내용 252', 1, 253),
       (253, '댓글 내용 253', 1, 254),
       (254, '댓글 내용 254', 1, 255),
       (255, '댓글 내용 255', 1, 256),
       (256, '댓글 내용 256', 1, 257),
       (257, '댓글 내용 257', 1, 258),
       (258, '댓글 내용 258', 1, 259),
       (259, '댓글 내용 259', 1, 260),
       (260, '댓글 내용 260', 1, 261),
       (261, '댓글 내용 261', 1, 262),
       (262, '댓글 내용 262', 1, 263),
       (263, '댓글 내용 263', 1, 264),
       (264, '댓글 내용 264', 1, 265),
       (265, '댓글 내용 265', 1, 266),
       (266, '댓글 내용 266', 1, 267),
       (267, '댓글 내용 267', 1, 268),
       (268, '댓글 내용 268', 1, 269),
       (269, '댓글 내용 269', 1, 270),
       (270, '댓글 내용 270', 1, 271),
       (271, '댓글 내용 271', 1, 272),
       (272, '댓글 내용 272', 1, 273),
       (273, '댓글 내용 273', 1, 274),
       (274, '댓글 내용 274', 1, 275),
       (275, '댓글 내용 275', 1, 276),
       (276, '댓글 내용 276', 1, 277),
       (277, '댓글 내용 277', 1, 278),
       (278, '댓글 내용 278', 1, 279),
       (279, '댓글 내용 279', 1, 280),
       (280, '댓글 내용 280', 1, 281),
       (281, '댓글 내용 281', 1, 282),
       (282, '댓글 내용 282', 1, 283),
       (283, '댓글 내용 283', 1, 284),
       (284, '댓글 내용 284', 1, 285),
       (285, '댓글 내용 285', 1, 286),
       (286, '댓글 내용 286', 1, 287),
       (287, '댓글 내용 287', 1, 288),
       (288, '댓글 내용 288', 1, 289),
       (289, '댓글 내용 289', 1, 290),
       (290, '댓글 내용 290', 1, 291),
       (291, '댓글 내용 291', 1, 292),
       (292, '댓글 내용 292', 1, 293),
       (293, '댓글 내용 293', 1, 294),
       (294, '댓글 내용 294', 1, 295),
       (295, '댓글 내용 295', 1, 296),
       (296, '댓글 내용 296', 1, 297),
       (297, '댓글 내용 297', 1, 298),
       (298, '댓글 내용 298', 1, 299),
       (299, '댓글 내용 299', 1, 300),
       (300, '댓글 내용 300', 1, 301),
       (301, '댓글 내용 301', 1, 302),
       (302, '댓글 내용 302', 1, 303),
       (303, '댓글 내용 303', 1, 304),
       (304, '댓글 내용 304', 1, 305),
       (305, '댓글 내용 305', 1, 306),
       (306, '댓글 내용 306', 1, 307),
       (307, '댓글 내용 307', 1, 308),
       (308, '댓글 내용 308', 1, 309),
       (309, '댓글 내용 309', 1, 310),
       (310, '댓글 내용 310', 1, 311),
       (311, '댓글 내용 311', 1, 312),
       (312, '댓글 내용 312', 1, 313),
       (313, '댓글 내용 313', 1, 314),
       (314, '댓글 내용 314', 1, 315),
       (315, '댓글 내용 315', 1, 316),
       (316, '댓글 내용 316', 1, 317),
       (317, '댓글 내용 317', 1, 318),
       (318, '댓글 내용 318', 1, 319),
       (319, '댓글 내용 319', 1, 320),
       (320, '댓글 내용 320', 1, 321),
       (321, '댓글 내용 321', 1, 322),
       (322, '댓글 내용 322', 1, 323),
       (323, '댓글 내용 323', 1, 324),
       (324, '댓글 내용 324', 1, 325),
       (325, '댓글 내용 325', 1, 326),
       (326, '댓글 내용 326', 1, 327),
       (327, '댓글 내용 327', 1, 328),
       (328, '댓글 내용 328', 1, 329),
       (329, '댓글 내용 329', 1, 330),
       (330, '댓글 내용 330', 1, 331),
       (331, '댓글 내용 331', 1, 332),
       (332, '댓글 내용 332', 1, 333),
       (333, '댓글 내용 333', 1, 334),
       (334, '댓글 내용 334', 1, 335),
       (335, '댓글 내용 335', 1, 336),
       (336, '댓글 내용 336', 1, 337),
       (337, '댓글 내용 337', 1, 338),
       (338, '댓글 내용 338', 1, 339),
       (339, '댓글 내용 339', 1, 340),
       (340, '댓글 내용 340', 1, 341),
       (341, '댓글 내용 341', 1, 342),
       (342, '댓글 내용 342', 1, 343),
       (343, '댓글 내용 343', 1, 344),
       (344, '댓글 내용 344', 1, 345),
       (345, '댓글 내용 345', 1, 346),
       (346, '댓글 내용 346', 1, 347),
       (347, '댓글 내용 347', 1, 348),
       (348, '댓글 내용 348', 1, 349),
       (349, '댓글 내용 349', 1, 350),
       (350, '댓글 내용 350', 1, 351),
       (351, '댓글 내용 351', 1, 352),
       (352, '댓글 내용 352', 1, 353),
       (353, '댓글 내용 353', 1, 354),
       (354, '댓글 내용 354', 1, 355),
       (355, '댓글 내용 355', 1, 356),
       (356, '댓글 내용 356', 1, 357),
       (357, '댓글 내용 357', 1, 358),
       (358, '댓글 내용 358', 1, 359),
       (359, '댓글 내용 359', 1, 360),
       (360, '댓글 내용 360', 1, 361),
       (361, '댓글 내용 361', 1, 362),
       (362, '댓글 내용 362', 1, 363),
       (363, '댓글 내용 363', 1, 364),
       (364, '댓글 내용 364', 1, 365),
       (365, '댓글 내용 365', 1, 366),
       (366, '댓글 내용 366', 1, 367),
       (367, '댓글 내용 367', 1, 368),
       (368, '댓글 내용 368', 1, 369),
       (369, '댓글 내용 369', 1, 370),
       (370, '댓글 내용 370', 1, 371),
       (371, '댓글 내용 371', 1, 372),
       (372, '댓글 내용 372', 1, 373),
       (373, '댓글 내용 373', 1, 374),
       (374, '댓글 내용 374', 1, 375),
       (375, '댓글 내용 375', 1, 376),
       (376, '댓글 내용 376', 1, 377),
       (377, '댓글 내용 377', 1, 378),
       (378, '댓글 내용 378', 1, 379),
       (379, '댓글 내용 379', 1, 380),
       (380, '댓글 내용 380', 1, 381),
       (381, '댓글 내용 381', 1, 382),
       (382, '댓글 내용 382', 1, 383),
       (383, '댓글 내용 383', 1, 384),
       (384, '댓글 내용 384', 1, 385),
       (385, '댓글 내용 385', 1, 386),
       (386, '댓글 내용 386', 1, 387),
       (387, '댓글 내용 387', 1, 388),
       (388, '댓글 내용 388', 1, 389),
       (389, '댓글 내용 389', 1, 390),
       (390, '댓글 내용 390', 1, 391),
       (391, '댓글 내용 391', 1, 392),
       (392, '댓글 내용 392', 1, 393),
       (393, '댓글 내용 393', 1, 394),
       (394, '댓글 내용 394', 1, 395),
       (395, '댓글 내용 395', 1, 396),
       (396, '댓글 내용 396', 1, 397),
       (397, '댓글 내용 397', 1, 398),
       (398, '댓글 내용 398', 1, 399),
       (399, '댓글 내용 399', 1, 400),
       (400, '댓글 내용 400', 1, 401),
       (401, '댓글 내용 401', 1, 402),
       (402, '댓글 내용 402', 1, 403),
       (403, '댓글 내용 403', 1, 404),
       (404, '댓글 내용 404', 1, 405),
       (405, '댓글 내용 405', 1, 406),
       (406, '댓글 내용 406', 1, 407),
       (407, '댓글 내용 407', 1, 408),
       (408, '댓글 내용 408', 1, 409),
       (409, '댓글 내용 409', 1, 410),
       (410, '댓글 내용 410', 1, 411),
       (411, '댓글 내용 411', 1, 412),
       (412, '댓글 내용 412', 1, 413),
       (413, '댓글 내용 413', 1, 414),
       (414, '댓글 내용 414', 1, 415),
       (415, '댓글 내용 415', 1, 416),
       (416, '댓글 내용 416', 1, 417),
       (417, '댓글 내용 417', 1, 418),
       (418, '댓글 내용 418', 1, 419),
       (419, '댓글 내용 419', 1, 420),
       (420, '댓글 내용 420', 1, 421),
       (421, '댓글 내용 421', 1, 422),
       (422, '댓글 내용 422', 1, 423),
       (423, '댓글 내용 423', 1, 424),
       (424, '댓글 내용 424', 1, 425),
       (425, '댓글 내용 425', 1, 426),
       (426, '댓글 내용 426', 1, 427),
       (427, '댓글 내용 427', 1, 428),
       (428, '댓글 내용 428', 1, 429),
       (429, '댓글 내용 429', 1, 430),
       (430, '댓글 내용 430', 1, 431),
       (431, '댓글 내용 431', 1, 432),
       (432, '댓글 내용 432', 1, 433),
       (433, '댓글 내용 433', 1, 434),
       (434, '댓글 내용 434', 1, 435),
       (435, '댓글 내용 435', 1, 436),
       (436, '댓글 내용 436', 1, 437),
       (437, '댓글 내용 437', 1, 438),
       (438, '댓글 내용 438', 1, 439),
       (439, '댓글 내용 439', 1, 440),
       (440, '댓글 내용 440', 1, 441),
       (441, '댓글 내용 441', 1, 442),
       (442, '댓글 내용 442', 1, 443),
       (443, '댓글 내용 443', 1, 444),
       (444, '댓글 내용 444', 1, 445),
       (445, '댓글 내용 445', 1, 446),
       (446, '댓글 내용 446', 1, 447),
       (447, '댓글 내용 447', 1, 448),
       (448, '댓글 내용 448', 1, 449),
       (449, '댓글 내용 449', 1, 450),
       (450, '댓글 내용 450', 1, 451),
       (451, '댓글 내용 451', 1, 452),
       (452, '댓글 내용 452', 1, 453),
       (453, '댓글 내용 453', 1, 454),
       (454, '댓글 내용 454', 1, 455),
       (455, '댓글 내용 455', 1, 456),
       (456, '댓글 내용 456', 1, 457),
       (457, '댓글 내용 457', 1, 458),
       (458, '댓글 내용 458', 1, 459),
       (459, '댓글 내용 459', 1, 460),
       (460, '댓글 내용 460', 1, 461),
       (461, '댓글 내용 461', 1, 462),
       (462, '댓글 내용 462', 1, 463),
       (463, '댓글 내용 463', 1, 464),
       (464, '댓글 내용 464', 1, 465),
       (465, '댓글 내용 465', 1, 466),
       (466, '댓글 내용 466', 1, 467),
       (467, '댓글 내용 467', 1, 468),
       (468, '댓글 내용 468', 1, 469),
       (469, '댓글 내용 469', 1, 470),
       (470, '댓글 내용 470', 1, 471),
       (471, '댓글 내용 471', 1, 472),
       (472, '댓글 내용 472', 1, 473),
       (473, '댓글 내용 473', 1, 474),
       (474, '댓글 내용 474', 1, 475),
       (475, '댓글 내용 475', 1, 476),
       (476, '댓글 내용 476', 1, 477),
       (477, '댓글 내용 477', 1, 478),
       (478, '댓글 내용 478', 1, 479),
       (479, '댓글 내용 479', 1, 480),
       (480, '댓글 내용 480', 1, 481),
       (481, '댓글 내용 481', 1, 482),
       (482, '댓글 내용 482', 1, 483),
       (483, '댓글 내용 483', 1, 484),
       (484, '댓글 내용 484', 1, 485),
       (485, '댓글 내용 485', 1, 486),
       (486, '댓글 내용 486', 1, 487),
       (487, '댓글 내용 487', 1, 488),
       (488, '댓글 내용 488', 1, 489),
       (489, '댓글 내용 489', 1, 490),
       (490, '댓글 내용 490', 1, 491),
       (491, '댓글 내용 491', 1, 492),
       (492, '댓글 내용 492', 1, 493),
       (493, '댓글 내용 493', 1, 494),
       (494, '댓글 내용 494', 1, 495),
       (495, '댓글 내용 495', 1, 496),
       (496, '댓글 내용 496', 1, 497),
       (497, '댓글 내용 497', 1, 498),
       (498, '댓글 내용 498', 1, 499),
       (499, '댓글 내용 499', 1, 500),
       (500, '댓글 내용 500', 1, 501),
       (501, '댓글 내용 501', 1, 502),
       (502, '댓글 내용 502', 1, 503),
       (503, '댓글 내용 503', 1, 504),
       (504, '댓글 내용 504', 1, 505),
       (505, '댓글 내용 505', 1, 506),
       (506, '댓글 내용 506', 1, 507),
       (507, '댓글 내용 507', 1, 508),
       (508, '댓글 내용 508', 1, 509),
       (509, '댓글 내용 509', 1, 510),
       (510, '댓글 내용 510', 1, 511),
       (511, '댓글 내용 511', 1, 512),
       (512, '댓글 내용 512', 1, 513),
       (513, '댓글 내용 513', 1, 514),
       (514, '댓글 내용 514', 1, 515),
       (515, '댓글 내용 515', 1, 516),
       (516, '댓글 내용 516', 1, 517),
       (517, '댓글 내용 517', 1, 518),
       (518, '댓글 내용 518', 1, 519),
       (519, '댓글 내용 519', 1, 520),
       (520, '댓글 내용 520', 1, 521),
       (521, '댓글 내용 521', 1, 522),
       (522, '댓글 내용 522', 1, 523),
       (523, '댓글 내용 523', 1, 524),
       (524, '댓글 내용 524', 1, 525),
       (525, '댓글 내용 525', 1, 526),
       (526, '댓글 내용 526', 1, 527),
       (527, '댓글 내용 527', 1, 528),
       (528, '댓글 내용 528', 1, 529),
       (529, '댓글 내용 529', 1, 530),
       (530, '댓글 내용 530', 1, 531),
       (531, '댓글 내용 531', 1, 532),
       (532, '댓글 내용 532', 1, 533),
       (533, '댓글 내용 533', 1, 534),
       (534, '댓글 내용 534', 1, 535),
       (535, '댓글 내용 535', 1, 536),
       (536, '댓글 내용 536', 1, 537),
       (537, '댓글 내용 537', 1, 538),
       (538, '댓글 내용 538', 1, 539),
       (539, '댓글 내용 539', 1, 540),
       (540, '댓글 내용 540', 1, 541),
       (541, '댓글 내용 541', 1, 542),
       (542, '댓글 내용 542', 1, 543),
       (543, '댓글 내용 543', 1, 544),
       (544, '댓글 내용 544', 1, 545),
       (545, '댓글 내용 545', 1, 546),
       (546, '댓글 내용 546', 1, 547),
       (547, '댓글 내용 547', 1, 548),
       (548, '댓글 내용 548', 1, 549),
       (549, '댓글 내용 549', 1, 550),
       (550, '댓글 내용 550', 1, 551),
       (551, '댓글 내용 551', 1, 552),
       (552, '댓글 내용 552', 1, 553),
       (553, '댓글 내용 553', 1, 554),
       (554, '댓글 내용 554', 1, 555),
       (555, '댓글 내용 555', 1, 556),
       (556, '댓글 내용 556', 1, 557),
       (557, '댓글 내용 557', 1, 558),
       (558, '댓글 내용 558', 1, 559),
       (559, '댓글 내용 559', 1, 560),
       (560, '댓글 내용 560', 1, 561),
       (561, '댓글 내용 561', 1, 562),
       (562, '댓글 내용 562', 1, 563),
       (563, '댓글 내용 563', 1, 564),
       (564, '댓글 내용 564', 1, 565),
       (565, '댓글 내용 565', 1, 566),
       (566, '댓글 내용 566', 1, 567),
       (567, '댓글 내용 567', 1, 568),
       (568, '댓글 내용 568', 1, 569),
       (569, '댓글 내용 569', 1, 570),
       (570, '댓글 내용 570', 1, 571),
       (571, '댓글 내용 571', 1, 572),
       (572, '댓글 내용 572', 1, 573),
       (573, '댓글 내용 573', 1, 574),
       (574, '댓글 내용 574', 1, 575),
       (575, '댓글 내용 575', 1, 576),
       (576, '댓글 내용 576', 1, 577),
       (577, '댓글 내용 577', 1, 578),
       (578, '댓글 내용 578', 1, 579),
       (579, '댓글 내용 579', 1, 580),
       (580, '댓글 내용 580', 1, 581),
       (581, '댓글 내용 581', 1, 582),
       (582, '댓글 내용 582', 1, 583),
       (583, '댓글 내용 583', 1, 584),
       (584, '댓글 내용 584', 1, 585),
       (585, '댓글 내용 585', 1, 586),
       (586, '댓글 내용 586', 1, 587),
       (587, '댓글 내용 587', 1, 588),
       (588, '댓글 내용 588', 1, 589),
       (589, '댓글 내용 589', 1, 590),
       (590, '댓글 내용 590', 1, 591),
       (591, '댓글 내용 591', 1, 592),
       (592, '댓글 내용 592', 1, 593),
       (593, '댓글 내용 593', 1, 594),
       (594, '댓글 내용 594', 1, 595),
       (595, '댓글 내용 595', 1, 596),
       (596, '댓글 내용 596', 1, 597),
       (597, '댓글 내용 597', 1, 598),
       (598, '댓글 내용 598', 1, 599),
       (599, '댓글 내용 599', 1, 600),
       (600, '댓글 내용 600', 1, 601),
       (601, '댓글 내용 601', 1, 602),
       (602, '댓글 내용 602', 1, 603),
       (603, '댓글 내용 603', 1, 604),
       (604, '댓글 내용 604', 1, 605),
       (605, '댓글 내용 605', 1, 606),
       (606, '댓글 내용 606', 1, 607),
       (607, '댓글 내용 607', 1, 608),
       (608, '댓글 내용 608', 1, 609),
       (609, '댓글 내용 609', 1, 610),
       (610, '댓글 내용 610', 1, 611),
       (611, '댓글 내용 611', 1, 612),
       (612, '댓글 내용 612', 1, 613),
       (613, '댓글 내용 613', 1, 614),
       (614, '댓글 내용 614', 1, 615),
       (615, '댓글 내용 615', 1, 616),
       (616, '댓글 내용 616', 1, 617),
       (617, '댓글 내용 617', 1, 618),
       (618, '댓글 내용 618', 1, 619),
       (619, '댓글 내용 619', 1, 620),
       (620, '댓글 내용 620', 1, 621),
       (621, '댓글 내용 621', 1, 622),
       (622, '댓글 내용 622', 1, 623),
       (623, '댓글 내용 623', 1, 624),
       (624, '댓글 내용 624', 1, 625),
       (625, '댓글 내용 625', 1, 626),
       (626, '댓글 내용 626', 1, 627),
       (627, '댓글 내용 627', 1, 628),
       (628, '댓글 내용 628', 1, 629),
       (629, '댓글 내용 629', 1, 630),
       (630, '댓글 내용 630', 1, 631),
       (631, '댓글 내용 631', 1, 632),
       (632, '댓글 내용 632', 1, 633),
       (633, '댓글 내용 633', 1, 634),
       (634, '댓글 내용 634', 1, 635),
       (635, '댓글 내용 635', 1, 636),
       (636, '댓글 내용 636', 1, 637),
       (637, '댓글 내용 637', 1, 638),
       (638, '댓글 내용 638', 1, 639),
       (639, '댓글 내용 639', 1, 640),
       (640, '댓글 내용 640', 1, 641),
       (641, '댓글 내용 641', 1, 642),
       (642, '댓글 내용 642', 1, 643),
       (643, '댓글 내용 643', 1, 644),
       (644, '댓글 내용 644', 1, 645),
       (645, '댓글 내용 645', 1, 646),
       (646, '댓글 내용 646', 1, 647),
       (647, '댓글 내용 647', 1, 648),
       (648, '댓글 내용 648', 1, 649),
       (649, '댓글 내용 649', 1, 650),
       (650, '댓글 내용 650', 1, 651),
       (651, '댓글 내용 651', 1, 652),
       (652, '댓글 내용 652', 1, 653),
       (653, '댓글 내용 653', 1, 654),
       (654, '댓글 내용 654', 1, 655),
       (655, '댓글 내용 655', 1, 656),
       (656, '댓글 내용 656', 1, 657),
       (657, '댓글 내용 657', 1, 658),
       (658, '댓글 내용 658', 1, 659),
       (659, '댓글 내용 659', 1, 660),
       (660, '댓글 내용 660', 1, 661),
       (661, '댓글 내용 661', 1, 662),
       (662, '댓글 내용 662', 1, 663),
       (663, '댓글 내용 663', 1, 664),
       (664, '댓글 내용 664', 1, 665),
       (665, '댓글 내용 665', 1, 666),
       (666, '댓글 내용 666', 1, 667),
       (667, '댓글 내용 667', 1, 668),
       (668, '댓글 내용 668', 1, 669),
       (669, '댓글 내용 669', 1, 670),
       (670, '댓글 내용 670', 1, 671),
       (671, '댓글 내용 671', 1, 672),
       (672, '댓글 내용 672', 1, 673),
       (673, '댓글 내용 673', 1, 674),
       (674, '댓글 내용 674', 1, 675),
       (675, '댓글 내용 675', 1, 676),
       (676, '댓글 내용 676', 1, 677),
       (677, '댓글 내용 677', 1, 678),
       (678, '댓글 내용 678', 1, 679),
       (679, '댓글 내용 679', 1, 680),
       (680, '댓글 내용 680', 1, 681),
       (681, '댓글 내용 681', 1, 682),
       (682, '댓글 내용 682', 1, 683),
       (683, '댓글 내용 683', 1, 684),
       (684, '댓글 내용 684', 1, 685),
       (685, '댓글 내용 685', 1, 686),
       (686, '댓글 내용 686', 1, 687),
       (687, '댓글 내용 687', 1, 688),
       (688, '댓글 내용 688', 1, 689),
       (689, '댓글 내용 689', 1, 690),
       (690, '댓글 내용 690', 1, 691),
       (691, '댓글 내용 691', 1, 692),
       (692, '댓글 내용 692', 1, 693),
       (693, '댓글 내용 693', 1, 694),
       (694, '댓글 내용 694', 1, 695),
       (695, '댓글 내용 695', 1, 696),
       (696, '댓글 내용 696', 1, 697),
       (697, '댓글 내용 697', 1, 698),
       (698, '댓글 내용 698', 1, 699),
       (699, '댓글 내용 699', 1, 700),
       (700, '댓글 내용 700', 1, 701),
       (701, '댓글 내용 701', 1, 702),
       (702, '댓글 내용 702', 1, 703),
       (703, '댓글 내용 703', 1, 704),
       (704, '댓글 내용 704', 1, 705),
       (705, '댓글 내용 705', 1, 706),
       (706, '댓글 내용 706', 1, 707),
       (707, '댓글 내용 707', 1, 708),
       (708, '댓글 내용 708', 1, 709),
       (709, '댓글 내용 709', 1, 710),
       (710, '댓글 내용 710', 1, 711),
       (711, '댓글 내용 711', 1, 712),
       (712, '댓글 내용 712', 1, 713),
       (713, '댓글 내용 713', 1, 714),
       (714, '댓글 내용 714', 1, 715),
       (715, '댓글 내용 715', 1, 716),
       (716, '댓글 내용 716', 1, 717),
       (717, '댓글 내용 717', 1, 718),
       (718, '댓글 내용 718', 1, 719),
       (719, '댓글 내용 719', 1, 720),
       (720, '댓글 내용 720', 1, 721),
       (721, '댓글 내용 721', 1, 722),
       (722, '댓글 내용 722', 1, 723),
       (723, '댓글 내용 723', 1, 724),
       (724, '댓글 내용 724', 1, 725),
       (725, '댓글 내용 725', 1, 726),
       (726, '댓글 내용 726', 1, 727),
       (727, '댓글 내용 727', 1, 728),
       (728, '댓글 내용 728', 1, 729),
       (729, '댓글 내용 729', 1, 730),
       (730, '댓글 내용 730', 1, 731),
       (731, '댓글 내용 731', 1, 732),
       (732, '댓글 내용 732', 1, 733),
       (733, '댓글 내용 733', 1, 734),
       (734, '댓글 내용 734', 1, 735),
       (735, '댓글 내용 735', 1, 736),
       (736, '댓글 내용 736', 1, 737),
       (737, '댓글 내용 737', 1, 738),
       (738, '댓글 내용 738', 1, 739),
       (739, '댓글 내용 739', 1, 740),
       (740, '댓글 내용 740', 1, 741),
       (741, '댓글 내용 741', 1, 742),
       (742, '댓글 내용 742', 1, 743),
       (743, '댓글 내용 743', 1, 744),
       (744, '댓글 내용 744', 1, 745),
       (745, '댓글 내용 745', 1, 746),
       (746, '댓글 내용 746', 1, 747),
       (747, '댓글 내용 747', 1, 748),
       (748, '댓글 내용 748', 1, 749),
       (749, '댓글 내용 749', 1, 750),
       (750, '댓글 내용 750', 1, 751),
       (751, '댓글 내용 751', 1, 752),
       (752, '댓글 내용 752', 1, 753),
       (753, '댓글 내용 753', 1, 754),
       (754, '댓글 내용 754', 1, 755),
       (755, '댓글 내용 755', 1, 756),
       (756, '댓글 내용 756', 1, 757),
       (757, '댓글 내용 757', 1, 758),
       (758, '댓글 내용 758', 1, 759),
       (759, '댓글 내용 759', 1, 760),
       (760, '댓글 내용 760', 1, 761),
       (761, '댓글 내용 761', 1, 762),
       (762, '댓글 내용 762', 1, 763),
       (763, '댓글 내용 763', 1, 764),
       (764, '댓글 내용 764', 1, 765),
       (765, '댓글 내용 765', 1, 766),
       (766, '댓글 내용 766', 1, 767),
       (767, '댓글 내용 767', 1, 768),
       (768, '댓글 내용 768', 1, 769),
       (769, '댓글 내용 769', 1, 770),
       (770, '댓글 내용 770', 1, 771),
       (771, '댓글 내용 771', 1, 772),
       (772, '댓글 내용 772', 1, 773),
       (773, '댓글 내용 773', 1, 774),
       (774, '댓글 내용 774', 1, 775),
       (775, '댓글 내용 775', 1, 776),
       (776, '댓글 내용 776', 1, 777),
       (777, '댓글 내용 777', 1, 778),
       (778, '댓글 내용 778', 1, 779),
       (779, '댓글 내용 779', 1, 780),
       (780, '댓글 내용 780', 1, 781),
       (781, '댓글 내용 781', 1, 782),
       (782, '댓글 내용 782', 1, 783),
       (783, '댓글 내용 783', 1, 784),
       (784, '댓글 내용 784', 1, 785),
       (785, '댓글 내용 785', 1, 786),
       (786, '댓글 내용 786', 1, 787),
       (787, '댓글 내용 787', 1, 788),
       (788, '댓글 내용 788', 1, 789),
       (789, '댓글 내용 789', 1, 790),
       (790, '댓글 내용 790', 1, 791),
       (791, '댓글 내용 791', 1, 792),
       (792, '댓글 내용 792', 1, 793),
       (793, '댓글 내용 793', 1, 794),
       (794, '댓글 내용 794', 1, 795),
       (795, '댓글 내용 795', 1, 796),
       (796, '댓글 내용 796', 1, 797),
       (797, '댓글 내용 797', 1, 798),
       (798, '댓글 내용 798', 1, 799),
       (799, '댓글 내용 799', 1, 800),
       (800, '댓글 내용 800', 1, 801),
       (801, '댓글 내용 801', 1, 802),
       (802, '댓글 내용 802', 1, 803),
       (803, '댓글 내용 803', 1, 804),
       (804, '댓글 내용 804', 1, 805),
       (805, '댓글 내용 805', 1, 806),
       (806, '댓글 내용 806', 1, 807),
       (807, '댓글 내용 807', 1, 808),
       (808, '댓글 내용 808', 1, 809),
       (809, '댓글 내용 809', 1, 810),
       (810, '댓글 내용 810', 1, 811),
       (811, '댓글 내용 811', 1, 812),
       (812, '댓글 내용 812', 1, 813),
       (813, '댓글 내용 813', 1, 814),
       (814, '댓글 내용 814', 1, 815),
       (815, '댓글 내용 815', 1, 816),
       (816, '댓글 내용 816', 1, 817),
       (817, '댓글 내용 817', 1, 818),
       (818, '댓글 내용 818', 1, 819),
       (819, '댓글 내용 819', 1, 820),
       (820, '댓글 내용 820', 1, 821),
       (821, '댓글 내용 821', 1, 822),
       (822, '댓글 내용 822', 1, 823),
       (823, '댓글 내용 823', 1, 824),
       (824, '댓글 내용 824', 1, 825),
       (825, '댓글 내용 825', 1, 826),
       (826, '댓글 내용 826', 1, 827),
       (827, '댓글 내용 827', 1, 828),
       (828, '댓글 내용 828', 1, 829),
       (829, '댓글 내용 829', 1, 830),
       (830, '댓글 내용 830', 1, 831),
       (831, '댓글 내용 831', 1, 832),
       (832, '댓글 내용 832', 1, 833),
       (833, '댓글 내용 833', 1, 834),
       (834, '댓글 내용 834', 1, 835),
       (835, '댓글 내용 835', 1, 836),
       (836, '댓글 내용 836', 1, 837),
       (837, '댓글 내용 837', 1, 838),
       (838, '댓글 내용 838', 1, 839),
       (839, '댓글 내용 839', 1, 840),
       (840, '댓글 내용 840', 1, 841),
       (841, '댓글 내용 841', 1, 842),
       (842, '댓글 내용 842', 1, 843),
       (843, '댓글 내용 843', 1, 844),
       (844, '댓글 내용 844', 1, 845),
       (845, '댓글 내용 845', 1, 846),
       (846, '댓글 내용 846', 1, 847),
       (847, '댓글 내용 847', 1, 848),
       (848, '댓글 내용 848', 1, 849),
       (849, '댓글 내용 849', 1, 850),
       (850, '댓글 내용 850', 1, 851),
       (851, '댓글 내용 851', 1, 852),
       (852, '댓글 내용 852', 1, 853),
       (853, '댓글 내용 853', 1, 854),
       (854, '댓글 내용 854', 1, 855),
       (855, '댓글 내용 855', 1, 856),
       (856, '댓글 내용 856', 1, 857),
       (857, '댓글 내용 857', 1, 858),
       (858, '댓글 내용 858', 1, 859),
       (859, '댓글 내용 859', 1, 860),
       (860, '댓글 내용 860', 1, 861),
       (861, '댓글 내용 861', 1, 862),
       (862, '댓글 내용 862', 1, 863),
       (863, '댓글 내용 863', 1, 864),
       (864, '댓글 내용 864', 1, 865),
       (865, '댓글 내용 865', 1, 866),
       (866, '댓글 내용 866', 1, 867),
       (867, '댓글 내용 867', 1, 868),
       (868, '댓글 내용 868', 1, 869),
       (869, '댓글 내용 869', 1, 870),
       (870, '댓글 내용 870', 1, 871),
       (871, '댓글 내용 871', 1, 872),
       (872, '댓글 내용 872', 1, 873),
       (873, '댓글 내용 873', 1, 874),
       (874, '댓글 내용 874', 1, 875),
       (875, '댓글 내용 875', 1, 876),
       (876, '댓글 내용 876', 1, 877),
       (877, '댓글 내용 877', 1, 878),
       (878, '댓글 내용 878', 1, 879),
       (879, '댓글 내용 879', 1, 880),
       (880, '댓글 내용 880', 1, 881),
       (881, '댓글 내용 881', 1, 882),
       (882, '댓글 내용 882', 1, 883),
       (883, '댓글 내용 883', 1, 884),
       (884, '댓글 내용 884', 1, 885),
       (885, '댓글 내용 885', 1, 886),
       (886, '댓글 내용 886', 1, 887),
       (887, '댓글 내용 887', 1, 888),
       (888, '댓글 내용 888', 1, 889),
       (889, '댓글 내용 889', 1, 890),
       (890, '댓글 내용 890', 1, 891),
       (891, '댓글 내용 891', 1, 892),
       (892, '댓글 내용 892', 1, 893),
       (893, '댓글 내용 893', 1, 894),
       (894, '댓글 내용 894', 1, 895),
       (895, '댓글 내용 895', 1, 896),
       (896, '댓글 내용 896', 1, 897),
       (897, '댓글 내용 897', 1, 898),
       (898, '댓글 내용 898', 1, 899),
       (899, '댓글 내용 899', 1, 900),
       (900, '댓글 내용 900', 1, 901),
       (901, '댓글 내용 901', 1, 902),
       (902, '댓글 내용 902', 1, 903),
       (903, '댓글 내용 903', 1, 904),
       (904, '댓글 내용 904', 1, 905),
       (905, '댓글 내용 905', 1, 906),
       (906, '댓글 내용 906', 1, 907),
       (907, '댓글 내용 907', 1, 908),
       (908, '댓글 내용 908', 1, 909),
       (909, '댓글 내용 909', 1, 910),
       (910, '댓글 내용 910', 1, 911),
       (911, '댓글 내용 911', 1, 912),
       (912, '댓글 내용 912', 1, 913),
       (913, '댓글 내용 913', 1, 914),
       (914, '댓글 내용 914', 1, 915),
       (915, '댓글 내용 915', 1, 916),
       (916, '댓글 내용 916', 1, 917),
       (917, '댓글 내용 917', 1, 918),
       (918, '댓글 내용 918', 1, 919),
       (919, '댓글 내용 919', 1, 920),
       (920, '댓글 내용 920', 1, 921),
       (921, '댓글 내용 921', 1, 922),
       (922, '댓글 내용 922', 1, 923),
       (923, '댓글 내용 923', 1, 924),
       (924, '댓글 내용 924', 1, 925),
       (925, '댓글 내용 925', 1, 926),
       (926, '댓글 내용 926', 1, 927),
       (927, '댓글 내용 927', 1, 928),
       (928, '댓글 내용 928', 1, 929),
       (929, '댓글 내용 929', 1, 930),
       (930, '댓글 내용 930', 1, 931),
       (931, '댓글 내용 931', 1, 932),
       (932, '댓글 내용 932', 1, 933),
       (933, '댓글 내용 933', 1, 934),
       (934, '댓글 내용 934', 1, 935),
       (935, '댓글 내용 935', 1, 936),
       (936, '댓글 내용 936', 1, 937),
       (937, '댓글 내용 937', 1, 938),
       (938, '댓글 내용 938', 1, 939),
       (939, '댓글 내용 939', 1, 940),
       (940, '댓글 내용 940', 1, 941),
       (941, '댓글 내용 941', 1, 942),
       (942, '댓글 내용 942', 1, 943),
       (943, '댓글 내용 943', 1, 944),
       (944, '댓글 내용 944', 1, 945),
       (945, '댓글 내용 945', 1, 946),
       (946, '댓글 내용 946', 1, 947),
       (947, '댓글 내용 947', 1, 948),
       (948, '댓글 내용 948', 1, 949),
       (949, '댓글 내용 949', 1, 950),
       (950, '댓글 내용 950', 1, 951),
       (951, '댓글 내용 951', 1, 952),
       (952, '댓글 내용 952', 1, 953),
       (953, '댓글 내용 953', 1, 954),
       (954, '댓글 내용 954', 1, 955),
       (955, '댓글 내용 955', 1, 956),
       (956, '댓글 내용 956', 1, 957),
       (957, '댓글 내용 957', 1, 958),
       (958, '댓글 내용 958', 1, 959),
       (959, '댓글 내용 959', 1, 960),
       (960, '댓글 내용 960', 1, 961),
       (961, '댓글 내용 961', 1, 962),
       (962, '댓글 내용 962', 1, 963),
       (963, '댓글 내용 963', 1, 964),
       (964, '댓글 내용 964', 1, 965),
       (965, '댓글 내용 965', 1, 966),
       (966, '댓글 내용 966', 1, 967),
       (967, '댓글 내용 967', 1, 968),
       (968, '댓글 내용 968', 1, 969),
       (969, '댓글 내용 969', 1, 970),
       (970, '댓글 내용 970', 1, 971),
       (971, '댓글 내용 971', 1, 972),
       (972, '댓글 내용 972', 1, 973),
       (973, '댓글 내용 973', 1, 974),
       (974, '댓글 내용 974', 1, 975),
       (975, '댓글 내용 975', 1, 976),
       (976, '댓글 내용 976', 1, 977),
       (977, '댓글 내용 977', 1, 978),
       (978, '댓글 내용 978', 1, 979),
       (979, '댓글 내용 979', 1, 980),
       (980, '댓글 내용 980', 1, 981),
       (981, '댓글 내용 981', 1, 982),
       (982, '댓글 내용 982', 1, 983),
       (983, '댓글 내용 983', 1, 984),
       (984, '댓글 내용 984', 1, 985),
       (985, '댓글 내용 985', 1, 986),
       (986, '댓글 내용 986', 1, 987),
       (987, '댓글 내용 987', 1, 988),
       (988, '댓글 내용 988', 1, 989),
       (989, '댓글 내용 989', 1, 990),
       (990, '댓글 내용 990', 1, 991),
       (991, '댓글 내용 991', 1, 992),
       (992, '댓글 내용 992', 1, 993),
       (993, '댓글 내용 993', 1, 994),
       (994, '댓글 내용 994', 1, 995),
       (995, '댓글 내용 995', 1, 996),
       (996, '댓글 내용 996', 1, 997),
       (997, '댓글 내용 997', 1, 998),
       (998, '댓글 내용 998', 1, 999),
       (999, '댓글 내용 999', 1, 1000),
       (1000, '댓글 내용 1000', 1, 1001);


--- POST_LIKE TABLE DATA
INSERT INTO POST_LIKE (POST_LIKE_ID, POST_ID, USER_ID)
VALUES (1, 1, 1),
       (2, 2, 2),
       (3, 3, 3),
       (4, 4, 4),
       (5, 5, 5),
       (6, 6, 1),
       (7, 7, 2),
       (8, 8, 3),
       (9, 9, 4),
       (10, 10, 5),
       (11, 11, 1),
       (12, 12, 2),
       (13, 13, 3),
       (14, 14, 4),
       (15, 15, 5),
       (16, 16, 1),
       (17, 17, 2),
       (18, 18, 3),
       (19, 19, 4),
       (20, 20, 5);


--- REVIEW TABLE DATA
INSERT INTO REVIEW (REVIEW_ID, ADMIN_COST, ADVANTAGE, BUILDING_NAME, BUILDING_TYPE,
                    DISADVANTAGE, FLOOR, AVG_RATE, BUILDING_RATE, INTERIOR_RATE, LOCATION_RATE, SECURITY_RATE,
                    TRAFFIC_RATE, RESIDENCE_YEAR, HOUSE_INFO_ID, USER_ID)
VALUES (1, 100, '장점 내용', '건물 이름', '건물 타입', '단점 내용', 5, 4.5, 4.0, 4.2, 4.8, 4.6,
        4.7, 2020, 1, 1),
       (2, 120, '장점 내용 2', '건물 이름 2', '건물 타입 2', '단점 내용 2', 6, 4.4, 4.1, 4.3, 4.7,
        4.6, 4.8, 2021, 2, 2),
       (3, 150, '장점 내용 3', '건물 이름 3', '건물 타입 3', '단점 내용 3', 7, 4.2, 4.0, 4.2, 4.8,
        4.7, 4.9, 2019, 3, 3),
       (4, 80, '장점 내용 4', '건물 이름 4', '건물 타입 4', '단점 내용 4', 8, 4.3, 4.1, 4.4, 4.6,
        4.5, 4.7, 2018, 4, 4),
       (5, 90, '장점 내용 5', '건물 이름 5', '건물 타입 5', '단점 내용 5', 9, 4.1, 3.9, 4.3, 4.5,
        4.8, 4.6, 2022, 5, 5),
       (6, 110, '장점 내용 6', '건물 이름 6', '건물 타입 6', '단점 내용 6', 10, 4.0, 4.2, 4.5,
        4.7,
        4.6, 4.8, 2023, 6, 1),
       (7, 130, '장점 내용 7', '건물 이름 7', '건물 타입 7', '단점 내용 7', 11, 4.4, 4.3, 4.4,
        4.9,
        4.5, 4.8, 2020, 7, 2),
       (8, 140, '장점 내용 8', '건물 이름 8', '건물 타입 8', '단점 내용 8', 12, 4.3, 4.2, 4.4,
        4.8,
        4.7, 4.7, 2019, 8, 3),
       (9, 160, '장점 내용 9', '건물 이름 9', '건물 타입 9', '단점 내용 9', 13, 4.2, 4.1, 4.3,
        4.9,
        4.6, 4.9, 2018, 9, 4),
       (10, 170, '장점 내용 10', '건물 이름 10', '건물 타입 10', '단점 내용 10', 14, 4.1, 4.0,
        4.5,
        4.7, 4.8, 4.8, 2021, 10, 5),
       (11, 180, '장점 내용 11', '건물 이름 11', '건물 타입 11', '단점 내용 11', 15, 4.5, 4.4,
        4.2, 4.9, 4.6, 4.7, 2020, 11, 1),
       (12, 190, '장점 내용 12', '건물 이름 12', '건물 타입 12', '단점 내용 12', 16, 4.4, 4.3,
        4.3, 4.8, 4.7, 4.6, 2019, 12, 2),
       (13, 200, '장점 내용 13', '건물 이름 13', '건물 타입 13', '단점 내용 13', 17, 4.3, 4.2,
        4.4, 4.9, 4.5, 4.8, 2018, 13, 3),
       (14, 210, '장점 내용 14', '건물 이름 14', '건물 타입 14', '단점 내용 14', 18, 4.2, 4.1,
        4.5, 4.7, 4.8, 4.7, 2021, 14, 4),
       (15, 220, '장점 내용 15', '건물 이름 15', '건물 타입 15', '단점 내용 15', 19, 4.1, 4.0,
        4.3, 4.8, 4.7, 4.6, 2022, 15, 5),
       (16, 230, '장점 내용 16', '건물 이름 16', '건물 타입 16', '단점 내용 16', 20, 4.0, 4.2,
        4.4, 4.9, 4.6, 4.8, 2023, 16, 1),
       (17, 240, '장점 내용 17', '건물 이름 17', '건물 타입 17', '단점 내용 17', 21, 4.4, 4.3,
        4.2, 4.8, 4.7, 4.7, 2020, 17, 2),
       (18, 250, '장점 내용 18', '건물 이름 18', '건물 타입 18', '단점 내용 18', 22, 4.3, 4.2,
        4.4, 4.9, 4.5, 4.9, 2019, 18, 3),
       (19, 260, '장점 내용 19', '건물 이름 19', '건물 타입 19', '단점 내용 19', 23, 4.2, 4.1,
        4.5, 4.7, 4.8, 4.8, 2018, 19, 4),
       (20, 270, '장점 내용 20', '건물 이름 20', '건물 타입 20', '단점 내용 20', 24, 4.1, 4.0,
        4.3, 4.8, 4.7, 4.6, 2021, 20, 5);


--- REVIEW_LIKE TABLE DATA
INSERT INTO REVIEW_LIKE (REVIEW_LIKE_ID, REVIEW_ID, USER_ID)
VALUES (1, 1, 1),
       (2, 2, 2),
       (3, 3, 3),
       (4, 4, 4),
       (5, 5, 5),
       (6, 6, 1),
       (7, 7, 2),
       (8, 8, 3),
       (9, 9, 4),
       (10, 10, 5),
       (11, 11, 1),
       (12, 12, 2),
       (13, 13, 3),
       (14, 14, 4),
       (15, 15, 5),
       (16, 16, 1),
       (17, 17, 2),
       (18, 18, 3),
       (19, 19, 4),
       (20, 20, 5);
